行政區,段小段,地號,標示部面積,所有權登記次序,所有權持分類別,所有權持分分母,所有權持分分子,公告地價,申報地價,核定申報地價情形
中正區,臨沂段四小段,03150000,2113.0,0001,A,1,1,"134,502","134,502",按公告地價100%申報
中正區,臨沂段四小段,03160000,2388.0,0001,A,1,1,"134,070","134,070",按公告地價100%申報
中正區,成功段一小段,01210000,1521.0,0001,,7025,594,"110,146","110,146",按公告地價100%申報
中正區,成功段一小段,01210001,1915.0,0001,,7025,594,"110,146","110,146",按公告地價100%申報
中正區,成功段一小段,01220000,2303.0,0001,,7025,594,"110,146","110,146",按公告地價100%申報
中正區,成功段一小段,01220002,16.0,0001,,7025,594,"110,146","110,146",按公告地價100%申報
中正區,成功段一小段,02380000,5655.0,0001,A,1,1,"133,382","133,382",按公告地價100%申報
中正區,成功段一小段,02400000,4101.0,0001,A,1,1,"135,566","135,566",按公告地價100%申報
中正區,公園段二小段,00090000,49.0,0001,A,1,1,"239,800","239,800",按公告地價100%申報
中正區,公園段二小段,00180000,103.0,0001,A,1,1,"217,000","217,000",按公告地價100%申報
中正區,公園段二小段,00170000,4.0,0001,A,1,1,"217,000","217,000",按公告地價100%申報
中正區,公園段二小段,00160000,45.0,0001,A,1,1,"239,800","239,800",按公告地價100%申報
中正區,公園段二小段,00150000,16.0,0001,A,1,1,"239,800","239,800",按公告地價100%申報
中正區,公園段二小段,00140000,43.0,0001,A,1,1,"239,800","239,800",按公告地價100%申報
中正區,公園段二小段,00130000,15.0,0001,A,1,1,"239,800","239,800",按公告地價100%申報
中正區,公園段二小段,00120000,43.0,0001,A,1,1,"239,800","239,800",按公告地價100%申報
中正區,公園段二小段,00110000,14.0,0001,A,1,1,"239,800","239,800",按公告地價100%申報
中正區,公園段二小段,00100000,52.0,0001,A,1,1,"239,800","239,800",按公告地價100%申報
中正區,公園段二小段,00350000,174.0,0001,A,1,1,"217,491","217,491",按公告地價100%申報
中正區,公園段二小段,00340000,707.0,0001,A,1,1,"217,491","217,491",按公告地價100%申報
中正區,公園段二小段,00330000,2328.0,0001,A,1,1,"159,578","159,578",按公告地價100%申報
中正區,公園段二小段,00320000,518.0,0001,A,1,1,"190,874","190,874",按公告地價100%申報
中正區,公園段二小段,00310000,100.0,0001,A,1,1,"190,874","190,874",按公告地價100%申報
中正區,公園段二小段,00300000,21.0,0001,A,1,1,"214,000","214,000",按公告地價100%申報
中正區,公園段二小段,00290000,17.0,0001,A,1,1,"217,000","217,000",按公告地價100%申報
中正區,公園段二小段,00280000,57.0,0001,A,1,1,"217,000","217,000",按公告地價100%申報
中正區,公園段二小段,00270000,4.0,0001,A,1,1,"217,000","217,000",按公告地價100%申報
中正區,公園段二小段,00520000,29.0,0001,A,1,1,"178,203","178,203",按公告地價100%申報
中正區,公園段二小段,00510000,239.0,0001,A,1,1,"178,203","178,203",按公告地價100%申報
中正區,公園段二小段,00500000,16.0,0001,A,1,1,"176,841","176,841",按公告地價100%申報
中正區,公園段二小段,00490000,129.0,0001,A,1,1,"176,841","176,841",按公告地價100%申報
中正區,公園段二小段,00480000,565.0,0001,A,1,1,"201,035","201,035",按公告地價100%申報
中正區,公園段二小段,00470000,67.0,0001,A,1,1,"201,035","201,035",按公告地價100%申報
中正區,公園段二小段,00460000,11.0,0001,A,1,1,"159,578","159,578",按公告地價100%申報
中正區,公園段二小段,00450000,87.0,0001,A,1,1,"228,452","228,452",按公告地價100%申報
中正區,公園段二小段,00440000,17.0,0001,A,1,1,"228,452","228,452",按公告地價100%申報
中正區,城中段一小段,06990000,541.0,0001,A,1,1,"142,455","142,455",按公告地價100%申報
中正區,城中段一小段,06790000,21.0,0001,A,1,1,"154,000","154,000",按公告地價100%申報
中正區,城中段一小段,06780000,8.0,0001,A,1,1,"154,000","154,000",按公告地價100%申報
中正區,城中段一小段,03970000,235.0,0001,A,1,1,"154,000","154,000",按公告地價100%申報
中正區,城中段一小段,03960000,75.0,0001,A,1,1,"154,000","154,000",按公告地價100%申報
中正區,公園段二小段,03400000,263.0,0001,A,1,1,"350,481","350,481",按公告地價100%申報
中正區,公園段二小段,03390000,113.0,0001,A,1,1,"350,481","350,481",按公告地價100%申報
中正區,公園段二小段,03370000,166.0,0001,A,1,1,"302,200","302,200",按公告地價100%申報
中正區,公園段二小段,03360000,301.0,0001,A,1,1,"302,200","302,200",按公告地價100%申報
中正區,城中段一小段,07270002,15.0,0001,A,1,1,"170,000","170,000",按公告地價100%申報
中正區,城中段一小段,07270001,21.0,0001,A,1,1,"170,000","170,000",按公告地價100%申報
中正區,城中段一小段,07270000,80.0,0001,A,1,1,"169,935","169,935",按公告地價100%申報
中正區,城中段一小段,07260000,15.0,0001,A,1,1,"170,000","170,000",按公告地價100%申報
中正區,城中段一小段,07250000,75.0,0001,A,1,1,"170,000","170,000",按公告地價100%申報
中正區,城中段一小段,07240000,76.0,0001,A,1,1,"168,796","168,796",按公告地價100%申報
中正區,城中段一小段,07230000,17.0,0001,A,1,1,"168,796","168,796",按公告地價100%申報
中正區,城中段一小段,07220000,3.0,0001,A,1,1,"204,000","204,000",按公告地價100%申報
中正區,城中段一小段,07210000,7.0,0001,A,1,1,"204,000","204,000",按公告地價100%申報
中正區,城中段一小段,07410001,159.0,0001,A,1,1,"142,000","142,000",按公告地價100%申報
中正區,城中段一小段,07410000,642.0,0001,A,1,1,"142,000","142,000",按公告地價100%申報
中正區,城中段一小段,07400000,307.0,0001,A,1,1,"229,344","229,344",按公告地價100%申報
中正區,城中段一小段,07390000,59.0,0001,A,1,1,"229,344","229,344",按公告地價100%申報
中正區,城中段一小段,07380000,18.0,0001,A,1,1,"238,119","238,119",按公告地價100%申報
中正區,城中段一小段,07370000,83.0,0001,A,1,1,"238,119","238,119",按公告地價100%申報
中正區,城中段一小段,07360000,57.0,0001,A,1,1,"272,919","272,919",按公告地價100%申報
中正區,城中段一小段,07350000,17.0,0001,A,1,1,"272,919","272,919",按公告地價100%申報
中正區,城中段一小段,07340000,64.0,0001,A,1,1,"297,652","297,652",按公告地價100%申報
中正區,城中段二小段,05560000,96.0,0001,A,1,1,"295,000","295,000",按公告地價100%申報
中正區,城中段二小段,05550000,405.0,0001,A,1,1,"295,000","295,000",按公告地價100%申報
中正區,城中段二小段,05540001,124.0,0001,A,1,1,"142,000","142,000",按公告地價100%申報
中正區,城中段二小段,05540000,717.0,0001,A,1,1,"142,000","142,000",按公告地價100%申報
中正區,城中段二小段,02000001,11.0,0001,A,1,1,"221,100","221,100",按公告地價100%申報
中正區,城中段二小段,02000000,178.0,0001,A,1,1,"261,592","261,592",按公告地價100%申報
中正區,城中段二小段,01990001,33.0,0001,A,1,1,"221,100","221,100",按公告地價100%申報
中正區,城中段二小段,01990000,372.0,0001,A,1,1,"261,592","261,592",按公告地價100%申報
中正區,城中段二小段,01820000,183.0,0001,A,1,1,"206,030","206,030",按公告地價100%申報
中正區,城中段二小段,05820000,165.0,0001,A,1,1,"231,694","231,694",按公告地價100%申報
中正區,城中段二小段,05810000,129.0,0001,A,1,1,"231,694","231,694",按公告地價100%申報
中正區,城中段二小段,01810000,18.0,0001,A,1,1,"206,030","206,030",按公告地價100%申報
中正區,城中段一小段,07430002,49.0,0001,A,1,1,"176,000","176,000",按公告地價100%申報
中正區,城中段一小段,07430001,22.0,0001,A,1,1,"176,000","176,000",按公告地價100%申報
中正區,城中段一小段,07430000,74.0,0001,A,1,1,"180,048","180,048",按公告地價100%申報
中正區,城中段一小段,07420002,223.0,0001,A,1,1,"176,000","176,000",按公告地價100%申報
中正區,城中段一小段,07420001,58.0,0001,A,1,1,"176,000","176,000",按公告地價100%申報
中正區,城中段一小段,07420000,314.0,0001,A,1,1,"180,048","180,048",按公告地價100%申報
中正區,城中段一小段,07410002,376.0,0001,A,1,1,"142,000","142,000",按公告地價100%申報
中正區,城中段一小段,07330000,93.0,0001,A,1,1,"297,652","297,652",按公告地價100%申報
中正區,城中段一小段,07320000,76.0,0001,A,1,1,"192,776","192,776",按公告地價100%申報
中正區,城中段一小段,07310000,17.0,0001,A,1,1,"192,776","192,776",按公告地價100%申報
中正區,城中段一小段,07300000,18.0,0001,A,1,1,"172,785","172,785",按公告地價100%申報
中正區,城中段一小段,07290000,76.0,0001,A,1,1,"172,785","172,785",按公告地價100%申報
中正區,城中段一小段,07280002,80.0,0001,A,1,1,"170,000","170,000",按公告地價100%申報
中正區,城中段一小段,07280001,57.0,0001,A,1,1,"170,000","170,000",按公告地價100%申報
中正區,城中段一小段,07280000,349.0,0001,A,1,1,"169,935","169,935",按公告地價100%申報
中正區,城中段一小段,07200000,81.0,0001,A,1,1,"180,080","180,080",按公告地價100%申報
中正區,城中段一小段,07190000,19.0,0001,A,1,1,"180,080","180,080",按公告地價100%申報
中正區,城中段一小段,07180000,18.0,0001,A,1,1,"193,974","193,974",按公告地價100%申報
中正區,城中段一小段,07170000,78.0,0001,A,1,1,"193,974","193,974",按公告地價100%申報
中正區,城中段一小段,07160000,128.0,0001,A,1,1,"210,772","210,772",按公告地價100%申報
中正區,城中段一小段,07150000,102.0,0001,A,1,1,"210,772","210,772",按公告地價100%申報
中正區,城中段一小段,07030000,468.0,0001,A,1,1,"170,000","170,000",按公告地價100%申報
中正區,城中段一小段,07020000,115.0,0001,A,1,1,"170,000","170,000",按公告地價100%申報
中正區,公園段二小段,00600000,79.0,0001,A,1,1,"281,197","281,197",按公告地價100%申報
中正區,公園段二小段,00590000,114.0,0001,A,1,1,"281,197","281,197",按公告地價100%申報
中正區,公園段二小段,00580000,18.0,0001,A,1,1,"265,385","265,385",按公告地價100%申報
中正區,公園段二小段,00570000,69.0,0001,A,1,1,"265,385","265,385",按公告地價100%申報
中正區,公園段二小段,00560000,18.0,0001,A,1,1,"246,713","246,713",按公告地價100%申報
中正區,公園段二小段,00550000,69.0,0001,A,1,1,"246,713","246,713",按公告地價100%申報
中正區,公園段二小段,00540000,24.0,0001,A,1,1,"243,000","243,000",按公告地價100%申報
中正區,公園段二小段,00530000,91.0,0001,A,1,1,"243,000","243,000",按公告地價100%申報
中正區,公園段二小段,00430000,84.0,0001,A,1,1,"228,901","228,901",按公告地價100%申報
中正區,公園段二小段,00420000,17.0,0001,A,1,1,"228,901","228,901",按公告地價100%申報
中正區,公園段二小段,00410000,114.0,0001,A,1,1,"227,113","227,113",按公告地價100%申報
中正區,公園段二小段,00400000,22.0,0001,A,1,1,"227,113","227,113",按公告地價100%申報
中正區,公園段二小段,00390000,316.0,0001,A,1,1,"265,890","265,890",按公告地價100%申報
中正區,公園段二小段,00380000,133.0,0001,A,1,1,"265,890","265,890",按公告地價100%申報
中正區,公園段二小段,00370000,102.0,0001,A,1,1,"212,880","212,880",按公告地價100%申報
中正區,公園段二小段,00360000,23.0,0001,A,1,1,"212,880","212,880",按公告地價100%申報
中正區,公園段二小段,00260000,327.0,0001,A,1,1,"214,000","214,000",按公告地價100%申報
中正區,公園段二小段,00250000,9.0,0001,A,1,1,"214,000","214,000",按公告地價100%申報
中正區,公園段二小段,00240000,1.0,0001,A,1,1,"159,578","159,578",按公告地價100%申報
中正區,公園段二小段,00230000,508.0,0001,A,1,1,"217,000","217,000",按公告地價100%申報
中正區,公園段二小段,00220000,19.0,0001,A,1,1,"217,000","217,000",按公告地價100%申報
中正區,公園段二小段,00210000,2.0,0001,A,1,1,"159,578","159,578",按公告地價100%申報
中正區,公園段二小段,00200000,117.0,0001,A,1,1,"217,000","217,000",按公告地價100%申報
中正區,公園段二小段,00190000,5.0,0001,A,1,1,"217,000","217,000",按公告地價100%申報
中正區,成功段一小段,02440000,1130.0,0001,A,1,1,"120,000","120,000",按公告地價100%申報
中正區,成功段一小段,02380001,28.0,0001,A,1,1,"158,000","158,000",按公告地價100%申報
中正區,成功段一小段,01220003,1.0,0001,,7025,594,"110,146","110,146",按公告地價100%申報
中正區,成功段一小段,01220001,1321.0,0001,,7025,594,"110,146","110,146",按公告地價100%申報
中正區,成功段一小段,01210002,232.0,0001,,7025,594,"110,146","110,146",按公告地價100%申報
中正區,城中段二小段,06200000,131.0,0001,A,1,1,"239,920","268,710",申報地價超過公告地價100%未滿120%
中正區,城中段二小段,06210000,19.0,0001,A,1,1,"239,920","268,710",申報地價超過公告地價100%未滿120%
中正區,福和段二小段,02230000,5141.0,0040,,42,7,"59,900","71,880",按公告地價120%申報
中正區,福和段二小段,02420000,2780.0,0043,,42,7,"59,900","71,880",按公告地價120%申報
中正區,福和段二小段,02420001,226.0,0043,,42,7,"59,900","71,880",按公告地價120%申報
中正區,永昌段四小段,01990000,404.0,0001,A,1,1,"87,821","87,821",按公告地價100%申報
中正區,永昌段四小段,02390004,697.0,0001,A,1,1,"78,541","78,541",按公告地價100%申報
中正區,永昌段四小段,02420001,57.0,0001,A,1,1,"92,142","92,142",按公告地價100%申報
中正區,永昌段四小段,02390000,812.0,0001,A,1,1,"68,900","68,900",按公告地價100%申報
中正區,永昌段四小段,02420000,687.0,0001,A,1,1,"94,210","94,210",按公告地價100%申報
中正區,永昌段四小段,02390002,610.0,0001,A,1,1,"81,052","81,052",按公告地價100%申報
中正區,永昌段四小段,02420002,13.0,0001,A,1,1,"88,008","88,008",按公告地價100%申報
中正區,南海段五小段,06920000,180.0,0001,A,1,1,"109,638","109,638",按公告地價100%申報
中正區,永昌段四小段,02390003,486.0,0001,A,1,1,"74,431","74,431",按公告地價100%申報
中正區,永昌段五小段,00040000,2098.0,0001,A,1,1,"62,285","62,285",按公告地價100%申報
中正區,永昌段五小段,00410000,2591.0,0001,A,1,1,"67,201","67,201",按公告地價100%申報
中正區,福和段二小段,02230000,5141.0,0045,,42,2,"59,900","71,880",按公告地價120%申報
中正區,福和段二小段,02420000,2780.0,0047,,42,2,"59,900","71,880",按公告地價120%申報
中正區,福和段二小段,02420001,226.0,0047,,42,2,"59,900","71,880",按公告地價120%申報
中正區,福和段二小段,01800000,10224.0,0031,,563496,1049,"59,900","71,880",按公告地價120%申報
中正區,福和段二小段,01800009,19881.0,0031,,563496,1049,"59,906","71,887",按公告地價120%申報
中正區,福和段二小段,01800006,194.0,0031,,563496,1049,"59,900","71,880",按公告地價120%申報
中正區,福和段二小段,01800007,2589.0,0031,,563496,1049,"59,900","71,880",按公告地價120%申報
中正區,福和段二小段,01800003,1197.0,0031,,563496,1049,"59,900","71,880",按公告地價120%申報
中正區,福和段二小段,01800008,1841.0,0031,,563496,1049,"72,859","87,430",按公告地價120%申報
中正區,福和段二小段,01800004,1135.0,0031,,563496,1049,"59,900","71,880",按公告地價120%申報
中正區,福和段二小段,01800005,8166.0,0031,,563496,1049,"59,900","71,880",按公告地價120%申報
中正區,福和段二小段,01800010,97.0,0031,,563496,1049,"59,900","71,880",按公告地價120%申報
中正區,福和段二小段,02230000,5141.0,0034,,24,1,"59,900","71,880",按公告地價120%申報
中正區,福和段二小段,02420001,226.0,0037,,24,1,"59,900","71,880",按公告地價120%申報
中正區,福和段二小段,02420000,2780.0,0037,,24,1,"59,900","71,880",按公告地價120%申報
中正區,永昌段二小段,04790002,16.0,0003,,3,1,"68,900","82,680",按公告地價120%申報
中正區,福和段二小段,02230000,5141.0,0044,,42,2,"59,900","71,880",按公告地價120%申報
中正區,福和段二小段,02420000,2780.0,0046,,60900,2699,"59,900","71,880",按公告地價120%申報
中正區,福和段二小段,02420001,226.0,0046,,60900,2699,"59,900","71,880",按公告地價120%申報
中正區,福和段二小段,01800000,10224.0,0033,,563496,1049,"59,900","71,880",按公告地價120%申報
中正區,福和段二小段,01800007,2589.0,0033,,563496,1049,"59,900","71,880",按公告地價120%申報
中正區,福和段二小段,01800009,19881.0,0033,,563496,1049,"59,906","71,887",按公告地價120%申報
中正區,福和段二小段,01800008,1841.0,0033,,563496,1049,"72,859","87,430",按公告地價120%申報
中正區,福和段二小段,01800004,1135.0,0033,,563496,1049,"59,900","71,880",按公告地價120%申報
中正區,福和段二小段,01800003,1197.0,0033,,563496,1049,"59,900","71,880",按公告地價120%申報
中正區,福和段二小段,01800010,97.0,0033,,563496,1049,"59,900","71,880",按公告地價120%申報
中正區,福和段二小段,01800006,194.0,0033,,563496,1049,"59,900","71,880",按公告地價120%申報
中正區,福和段二小段,01800005,8166.0,0033,,563496,1049,"59,900","71,880",按公告地價120%申報
中正區,福和段二小段,01800000,10224.0,0030,,563496,1049,"59,900","71,880",按公告地價120%申報
中正區,福和段二小段,01800009,19881.0,0030,,563496,1049,"59,906","71,887",按公告地價120%申報
中正區,福和段二小段,01800008,1841.0,0030,,563496,1049,"72,859","87,430",按公告地價120%申報
中正區,福和段二小段,01800004,1135.0,0030,,563496,1049,"59,900","71,880",按公告地價120%申報
中正區,福和段二小段,01800003,1197.0,0030,,563496,1049,"59,900","71,880",按公告地價120%申報
中正區,福和段二小段,01800007,2589.0,0030,,563496,1049,"59,900","71,880",按公告地價120%申報
中正區,福和段二小段,01800006,194.0,0030,,563496,1049,"59,900","71,880",按公告地價120%申報
中正區,福和段二小段,01800010,97.0,0030,,563496,1049,"59,900","71,880",按公告地價120%申報
中正區,福和段二小段,01800005,8166.0,0030,,563496,1049,"59,900","71,880",按公告地價120%申報
中正區,福和段二小段,01800000,10224.0,0097,,2535732,9441,"59,900","71,880",按公告地價120%申報
中正區,福和段二小段,01800009,19881.0,0097,,2535732,9441,"59,906","71,887",按公告地價120%申報
中正區,福和段二小段,01800008,1841.0,0097,,2535732,9441,"72,859","87,430",按公告地價120%申報
中正區,福和段二小段,01800004,1135.0,0094,,2535732,9441,"59,900","71,880",按公告地價120%申報
中正區,福和段二小段,01800003,1197.0,0094,,2535732,9441,"59,900","71,880",按公告地價120%申報
中正區,福和段二小段,01800007,2589.0,0097,,2535732,9441,"59,900","71,880",按公告地價120%申報
中正區,福和段二小段,01800006,194.0,0097,,2535732,9441,"59,900","71,880",按公告地價120%申報
中正區,福和段二小段,01800005,8166.0,0097,,2535732,9441,"59,900","71,880",按公告地價120%申報
中正區,福和段二小段,01800010,97.0,0097,,2535732,9441,"59,900","71,880",按公告地價120%申報
中正區,福和段二小段,01800000,10224.0,0099,,2535732,9441,"59,900","71,880",按公告地價120%申報
中正區,福和段二小段,01800009,19881.0,0099,,2535732,9441,"59,900","71,880",按公告地價120%申報
中正區,福和段二小段,01800008,1841.0,0099,,2535732,9441,"72,859","87,430",按公告地價120%申報
中正區,福和段二小段,01800003,1197.0,0096,,2535732,9441,"59,900","71,880",按公告地價120%申報
中正區,福和段二小段,01800007,2589.0,0099,,2535732,9441,"59,900","71,880",按公告地價120%申報
中正區,福和段二小段,01800006,194.0,0099,,2535732,9441,"59,900","71,880",按公告地價120%申報
中正區,福和段二小段,01800005,8166.0,0099,,2535732,9441,"59,900","71,880",按公告地價120%申報
中正區,福和段二小段,01800010,97.0,0099,,2535732,9441,59900,71880,按公告地價120%申報
中正區,福和段二小段,02230000,5141.0,0059,,189,1,"59,900","71,880",按公告地價120%申報
中正區,福和段二小段,02250000,1941.0,0007,,180,6,"59,900","71,880",按公告地價120%申報
中正區,福和段二小段,02230000,5141.0,0026,,126,2,"59,900","71,880",按公告地價120%申報
中正區,福和段二小段,02420001,226.0,0029,,126,2,"59,900","71,880",按公告地價120%申報
中正區,福和段二小段,02420000,2780.0,0029,,126,2,"59,900","71,880",按公告地價120%申報
中正區,福和段二小段,01800000,10224.0,0034,,422622,1763,"59,900","71,880",按公告地價120%申報
中正區,福和段二小段,01800006,194.0,0034,,422622,1763,"59,900","71,880",按公告地價120%申報
中正區,福和段二小段,01800003,1197.0,0034,,422622,1763,"59,900","71,880",按公告地價120%申報
中正區,福和段二小段,01800008,1841.0,0034,,422622,1763,"72,859","87,430",按公告地價120%申報
中正區,福和段二小段,01800009,19881.0,0034,,422622,1763,"59,906","71,887",按公告地價120%申報
中正區,福和段二小段,01800004,1135.0,0034,,422622,1763,"59,900","71,880",按公告地價120%申報
中正區,福和段二小段,01800007,2589.0,0034,,422622,1763,"59,900","71,880",按公告地價120%申報
中正區,福和段二小段,01800005,8166.0,0034,,422622,1763,"59,900","71,880",按公告地價120%申報
中正區,福和段二小段,01800010,97.0,0034,,422622,1763,"59,900","71,880",按公告地價120%申報
中正區,福和段二小段,02230000,5141.0,0039,,540,9,"59,900","71,880",按公告地價120%申報
中正區,福和段二小段,02420001,226.0,0042,,180,3,"59,900","71,880",按公告地價120%申報
中正區,福和段二小段,02420000,2780.0,0042,,180,3,"59,900","71,880",按公告地價120%申報
中正區,福和段二小段,02230000,5141.0,0061,,54,2,"59,900","71,880",按公告地價120%申報
中正區,福和段二小段,02420001,226.0,0059,,54,2,"59,900","71,880",按公告地價120%申報
中正區,福和段二小段,02420000,2780.0,0059,,54,2,"59,900","71,880",按公告地價120%申報
中正區,福和段二小段,02230000,5141.0,0010,,984375,7372,"59,900","71,880",按公告地價120%申報
中正區,福和段二小段,02420000,2780.0,0010,,63,1,"59,900","71,880",按公告地價120%申報
中正區,福和段二小段,02420001,226.0,0010,,63,1,"59,900","71,880",按公告地價120%申報
中正區,福和段二小段,01800000,10224.0,0074,,3521850,2098,"59,900","71,880",按公告地價120%申報
中正區,福和段二小段,02430000,4196.0,0006,,300,2,"59,900","71,880",按公告地價120%申報
中正區,福和段二小段,01800010,97.0,0074,,3521850,2098,"59,900","71,880",按公告地價120%申報
中正區,福和段二小段,01800009,19881.0,0074,,3521850,2098,"59,906","71,887",按公告地價120%申報
中正區,福和段二小段,01800008,1841.0,0074,,3521850,2098,"72,859","87,430",按公告地價120%申報
中正區,福和段二小段,01800003,1197.0,0072,,3521850,2098,"59,900","71,880",按公告地價120%申報
中正區,福和段二小段,01800007,2589.0,0074,,3521850,2098,"59,900","71,880",按公告地價120%申報
中正區,福和段二小段,01800006,194.0,0074,,3521850,2098,"59,900","71,880",按公告地價120%申報
中正區,福和段二小段,01800005,8166.0,0074,,3521850,2098,"59,900","71,880",按公告地價120%申報
中正區,福和段二小段,01800000,10224.0,0036,,6339330,7343,"59,900","71,880",按公告地價120%申報
中正區,福和段二小段,01800010,97.0,0036,,25357320,28323,"59,900","71,880",按公告地價120%申報
中正區,福和段二小段,01800009,19881.0,0036,,25357320,28323,"59,906","71,887",按公告地價120%申報
中正區,福和段二小段,01800008,1841.0,0036,,25357320,28323,"72,859","87,430",按公告地價120%申報
中正區,福和段二小段,01800004,1135.0,0036,,25357320,28323,"59,900","71,880",按公告地價120%申報
中正區,福和段二小段,01800003,1197.0,0036,,25357320,28323,"59,900","71,880",按公告地價120%申報
中正區,福和段二小段,01800007,2589.0,0036,,25357320,28323,"59,900","71,880",按公告地價120%申報
中正區,福和段二小段,01800006,194.0,0036,,25357320,28323,"59,900","71,880",按公告地價120%申報
中正區,福和段二小段,01800005,8166.0,0036,,6339330,7343,"59,900","71,880",按公告地價120%申報
中正區,福和段二小段,02430000,4196.0,0004,,240,3,"59,900","71,880",按公告地價120%申報
中正區,福和段二小段,01800000,10224.0,0037,,6339330,7343,"59,900","71,880",按公告地價120%申報
中正區,福和段二小段,01800009,19881.0,0037,,25357320,28323,"59,906","71,887",按公告地價120%申報
中正區,福和段二小段,01800008,1841.0,0037,,25357320,28323,"72,859","87,430",按公告地價120%申報
中正區,福和段二小段,01800004,1135.0,0037,,25357320,28323,"59,900","71,880",按公告地價120%申報
中正區,福和段二小段,01800003,1197.0,0037,,25357320,28323,"59,900","71,880",按公告地價120%申報
中正區,福和段二小段,01800007,2589.0,0037,,25357320,28323,"59,900","71,880",按公告地價120%申報
中正區,福和段二小段,01800005,8166.0,0037,,6339330,7343,"59,900","71,880",按公告地價120%申報
中正區,福和段二小段,02430000,4196.0,0005,,240,3,"59,900","71,880",按公告地價120%申報
中正區,福和段二小段,01800010,97.0,0037,,25357320,28323,"59,900","71,880",按公告地價120%申報
中正區,福和段二小段,01800006,194.0,0037,,25357320,28323,"59,900","71,880",按公告地價120%申報
中正區,河堤段六小段,02210003,53.0,0015,,2,1,"82,300","98,760",按公告地價120%申報
中正區,河堤段六小段,02210011,8.0,0015,,2,1,"75,400","90,480",按公告地價120%申報
中正區,福和段二小段,02230000,5141.0,0046,,54,1,"59,900","71,880",按公告地價120%申報
中正區,福和段二小段,02420000,2780.0,0048,,54,1,"59,900","71,880",按公告地價120%申報
中正區,福和段二小段,02420001,226.0,0048,,54,1,"59,900","71,880",按公告地價120%申報
中正區,福和段二小段,01800000,10224.0,0075,,126786600,80773,"59,900","71,880",按公告地價120%申報
中正區,福和段二小段,02430000,4196.0,0007,,300,2,"59,900","71,880",按公告地價120%申報
中正區,福和段二小段,01800007,2589.0,0075,,3521850,2098,"59,900","71,880",按公告地價120%申報
中正區,福和段二小段,01800008,1841.0,0075,,3521850,2098,"72,859","87,430",按公告地價120%申報
中正區,福和段二小段,01800009,19881.0,0075,,3521850,2098,"59,906","71,887",按公告地價120%申報
中正區,福和段二小段,01800003,1197.0,0073,,3521850,2098,"59,900","71,880",按公告地價120%申報
中正區,福和段二小段,01800006,194.0,0075,,3521850,2098,"59,900","71,880",按公告地價120%申報
中正區,福和段二小段,01800005,8166.0,0075,,126786600,80773,"59,900","71,880",按公告地價120%申報
中正區,福和段二小段,01800010,97.0,0075,,3521850,2098,"59,900","71,880",按公告地價120%申報
中正區,福和段二小段,02230000,5141.0,0047,,54,1,"59,900","71,880",按公告地價120%申報
中正區,福和段二小段,02420000,2780.0,0049,,54,1,"59,900","71,880",按公告地價120%申報
中正區,福和段二小段,02420001,226.0,0049,,54,1,"59,900","71,880",按公告地價120%申報
中正區,福和段二小段,02230000,5141.0,0063,,984375,2254,"59,900","71,880",按公告地價120%申報
中正區,福和段二小段,02250000,1941.0,0018,,72,1,"59,900","71,880",按公告地價120%申報
中正區,福和段二小段,02230000,5141.0,0062,,24,1,"59,900","71,880",按公告地價120%申報
中正區,福和段二小段,02420000,2780.0,0060,,24,1,"59,900","71,880",按公告地價120%申報
中正區,福和段二小段,02420001,226.0,0060,,24,1,"59,900","71,880",按公告地價120%申報
中正區,福和段二小段,02230000,5141.0,0058,,189,1,"59,900","71,880",按公告地價120%申報
中正區,福和段二小段,02230000,5141.0,0016,,420,5,"59,900","71,880",按公告地價120%申報
中正區,福和段二小段,02420000,2780.0,0015,,8400,65,"59,900","71,880",按公告地價120%申報
中正區,福和段二小段,02420001,226.0,0015,,8400,65,"59,900","71,880",按公告地價120%申報
中正區,福和段二小段,02230000,5141.0,0032,,252,2,"59,900","71,880",按公告地價120%申報
中正區,福和段二小段,02420001,226.0,0035,,252,2,"59,900","71,880",按公告地價120%申報
中正區,福和段二小段,02420000,2780.0,0035,,252,2,"59,900","71,880",按公告地價120%申報
中正區,福和段二小段,02230000,5141.0,0033,,252,2,"59,900","71,880",按公告地價120%申報
中正區,福和段二小段,02420001,226.0,0036,,182700,2053,"59,900","71,880",按公告地價120%申報
中正區,福和段二小段,02420000,2780.0,0036,,182700,2053,"59,900","71,880",按公告地價120%申報
中正區,福和段二小段,02230000,5141.0,0011,,984375,21625,"59,900","71,880",按公告地價120%申報
中正區,福和段二小段,02420001,226.0,0011,,6300000,100019,"59,900","71,880",按公告地價120%申報
中正區,福和段二小段,02420000,2780.0,0011,,6300000,100019,"59,900","71,880",按公告地價120%申報
中正區,福和段二小段,02230000,5141.0,0056,,2646,17,"59,900","71,880",按公告地價120%申報
中正區,福和段二小段,02420000,2780.0,0057,,2646,17,"59,900","71,880",按公告地價120%申報
中正區,福和段二小段,02420001,226.0,0057,,2646,17,"59,900","71,880",按公告地價120%申報
中正區,福和段二小段,02250000,1941.0,0006,,18,1,"59,900","71,880",按公告地價120%申報
中正區,福和段二小段,02230000,5141.0,0015,,420,5,"59,900","71,880",按公告地價120%申報
中正區,福和段二小段,02420001,226.0,0016,,8400,65,"59,900","71,880",按公告地價120%申報
中正區,福和段二小段,02420000,2780.0,0016,,8400,65,"59,900","71,880",按公告地價120%申報
中正區,福和段二小段,02230000,5141.0,0020,,54,1,"59,900","71,880",按公告地價120%申報
中正區,福和段二小段,02420001,226.0,0021,,54,1,"59,900","71,880",按公告地價120%申報
中正區,福和段二小段,02420000,2780.0,0021,,54,1,"59,900","71,880",按公告地價120%申報
中正區,福和段二小段,02250000,1941.0,0005,,18,1,"59,900","71,880",按公告地價120%申報
中正區,福和段二小段,02230000,5141.0,0014,,420,5,"59,900","71,880",按公告地價120%申報
中正區,福和段二小段,02420000,2780.0,0014,,8400,65,"59,900","71,880",按公告地價120%申報
中正區,福和段二小段,02420001,226.0,0014,,8400,65,"59,900","71,880",按公告地價120%申報
中正區,福和段二小段,02230000,5141.0,0013,,420,5,"59,900","71,880",按公告地價120%申報
中正區,福和段二小段,02420000,2780.0,0013,,8400,65,"59,900","71,880",按公告地價120%申報
中正區,福和段二小段,02420001,226.0,0013,,8400,65,"59,900","71,880",按公告地價120%申報
中正區,福和段二小段,01800000,10224.0,0032,,563496,1049,"59,900","71,880",按公告地價120%申報
中正區,福和段二小段,01800006,194.0,0032,,563496,1049,"59,900","71,880",按公告地價120%申報
中正區,福和段二小段,01800005,8166.0,0032,,563496,1049,"59,900","71,880",按公告地價120%申報
中正區,福和段二小段,01800010,97.0,0032,,563496,1049,"59,900","71,880",按公告地價120%申報
中正區,福和段二小段,01800007,2589.0,0032,,563496,1049,"59,900","71,880",按公告地價120%申報
中正區,福和段二小段,01800004,1135.0,0032,,563496,1049,"59,900","71,880",按公告地價120%申報
中正區,福和段二小段,01800009,19881.0,0032,,563496,1049,"59,906","71,887",按公告地價120%申報
中正區,福和段二小段,01800008,1841.0,0032,,563496,1049,"72,859","87,430",按公告地價120%申報
中正區,福和段二小段,01800003,1197.0,0032,,563496,1049,"59,900","71,880",按公告地價120%申報
中正區,福和段二小段,02230000,5141.0,0030,,252,2,"59,900","71,880",按公告地價120%申報
中正區,福和段二小段,02420000,2780.0,0033,,252,2,"59,900","71,880",按公告地價120%申報
中正區,福和段二小段,02420001,226.0,0033,,252,2,"59,900","71,880",按公告地價120%申報
中正區,福和段二小段,02230000,5141.0,0041,,500000,4192,"59,900","71,880",按公告地價120%申報
中正區,福和段二小段,02230000,5141.0,0028,,126,2,"59,900","71,880",按公告地價120%申報
中正區,福和段二小段,02420000,2780.0,0031,,126,2,"59,900","71,880",按公告地價120%申報
中正區,福和段二小段,02230000,5141.0,0060,,189,1,"59,900","71,880",按公告地價120%申報
中正區,福和段二小段,02250000,1941.0,0009,,180,4,"59,900","71,880",按公告地價120%申報
中正區,福和段二小段,01800000,10224.0,0068,,2535732,4152,"59,900","71,880",按公告地價120%申報
中正區,福和段二小段,01800007,2589.0,0068,,2535732,4152,"59,900","71,880",按公告地價120%申報
中正區,福和段二小段,01800006,194.0,0068,,2535732,4152,"59,900","71,880",按公告地價120%申報
中正區,福和段二小段,01800005,8166.0,0068,,2535732,4152,"59,900","71,880",按公告地價120%申報
中正區,福和段二小段,01800010,97.0,0068,,2535732,4152,"59,900","71,880",按公告地價120%申報
中正區,福和段二小段,01800003,1197.0,0068,,2535732,4152,"59,900","71,880",按公告地價120%申報
中正區,福和段二小段,01800009,19881.0,0068,,2535732,4152,"59,906","71,887",按公告地價120%申報
中正區,福和段二小段,01800008,1841.0,0068,,2535732,4152,"72,859","87,430",按公告地價120%申報
中正區,福和段二小段,01800004,1135.0,0067,,2535732,4152,"59,900","71,880",按公告地價120%申報
中正區,福和段二小段,02230000,5141.0,0036,,540,7,"59,900","71,880",按公告地價120%申報
中正區,福和段二小段,02420001,226.0,0039,,360,5,"59,900","71,880",按公告地價120%申報
中正區,福和段二小段,02420000,2780.0,0039,,360,5,"59,900","71,880",按公告地價120%申報
中正區,福和段二小段,02230000,5141.0,0064,,540,1,"59,900","71,880",按公告地價120%申報
中正區,福和段二小段,02230000,5141.0,0037,,90,1,"59,900","71,880",按公告地價120%申報
中正區,福和段二小段,02420000,2780.0,0040,,90,1,"59,900","71,880",按公告地價120%申報
中正區,福和段二小段,02420001,226.0,0040,,90,1,"59,900","71,880",按公告地價120%申報
中正區,福和段二小段,02230000,5141.0,0038,,540,7,"59,900","71,880",按公告地價120%申報
中正區,福和段二小段,02420001,226.0,0041,,360,5,"59,900","71,880",按公告地價120%申報
中正區,福和段二小段,02420000,2780.0,0041,,360,5,"59,900","71,880",按公告地價120%申報
中正區,福和段二小段,02230000,5141.0,0052,,24,1,"59,900","71,880",按公告地價120%申報
中正區,福和段二小段,02420000,2780.0,0054,,24,1,"59,900","71,880",按公告地價120%申報
中正區,福和段二小段,02420001,226.0,0054,,24,1,"59,900","71,880",按公告地價120%申報
中正區,福和段二小段,02230000,5141.0,0042,,500000,1872,"59,900","71,880",按公告地價120%申報
中正區,福和段二小段,02420000,2780.0,0044,,500000,3968,"59,900","71,880",按公告地價120%申報
中正區,福和段二小段,02420001,226.0,0044,,500000,3968,"59,900","71,880",按公告地價120%申報
中正區,福和段二小段,02230000,5141.0,0043,,500000,1872,"59,900","71,880",按公告地價120%申報
中正區,福和段二小段,02420001,226.0,0045,,500000,3967,"59,900","71,880",按公告地價120%申報
中正區,福和段二小段,02420000,2780.0,0045,,500000,3967,"59,900","71,880",按公告地價120%申報
中正區,福和段二小段,02250000,1941.0,0016,,36,1,"59,900","71,880",按公告地價120%申報
中正區,永昌段一小段,00780002,13.0,0006,A,1,1,"112,000","134,400",按公告地價120%申報
中正區,福和段二小段,01800000,10224.0,0076,,3521850,1049,"59,900","71,880",按公告地價120%申報
中正區,福和段二小段,01800005,8166.0,0076,,3521850,1049,"59,900","71,880",按公告地價120%申報
中正區,福和段二小段,01800006,194.0,0076,,3521850,1049,"59,900","71,880",按公告地價120%申報
中正區,福和段二小段,01800008,1841.0,0076,,3521850,1049,"72,859","87,430",按公告地價120%申報
中正區,福和段二小段,01800009,19881.0,0076,,3521850,1049,"59,906","71,887",按公告地價120%申報
中正區,福和段二小段,01800003,1197.0,0074,,3521850,1049,"59,900","71,880",按公告地價120%申報
中正區,福和段二小段,01800010,97.0,0076,,3521850,1049,"59,900","71,880",按公告地價120%申報
中正區,福和段二小段,02430000,4196.0,0008,,300,1,"59,900","71,880",按公告地價120%申報
中正區,福和段二小段,01800007,2589.0,0076,,3521850,1049,"59,900","71,880",按公告地價120%申報
中正區,河堤段六小段,02210008,18.0,0013,,2,1,"75,400","90,480",按公告地價120%申報
中正區,河堤段六小段,02210012,9.0,0018,,2,1,"75,400","90,480",按公告地價120%申報
中正區,河堤段六小段,02210015,5.0,0011,,2,1,"75,400","90,480",按公告地價120%申報
中正區,河堤段六小段,02210014,5.0,0019,,2,1,"75,400","90,480",按公告地價120%申報
中正區,福和段二小段,02230000,5141.0,0048,,54,1,"59,900","71,880",按公告地價120%申報
中正區,福和段二小段,02420000,2780.0,0050,,54,1,"59,900","71,880",按公告地價120%申報
中正區,福和段二小段,02420001,226.0,0050,,54,1,"59,900","71,880",按公告地價120%申報
中正區,福和段二小段,02250000,1941.0,0012,,36,1,"59,900","71,880",按公告地價120%申報
中正區,福和段二小段,01800000,10224.0,0098,,2535732,18882,"59,900","71,880",按公告地價120%申報
中正區,福和段二小段,01800009,19881.0,0098,,2535732,18882,"59,906","71,887",按公告地價120%申報
中正區,福和段二小段,01800008,1841.0,0098,,2535732,18882,"72,859","87,430",按公告地價120%申報
中正區,福和段二小段,01800004,1135.0,0095,,2535732,18882,"59,900","71,880",按公告地價120%申報
中正區,福和段二小段,01800003,1197.0,0095,,2535732,18882,"59,900","71,880",按公告地價120%申報
中正區,福和段二小段,01800007,2589.0,0098,,2535732,18882,"59,900","71,880",按公告地價120%申報
中正區,福和段二小段,01800006,194.0,0098,,2535732,18882,"59,900","71,880",按公告地價120%申報
中正區,福和段二小段,01800005,8166.0,0098,,2535732,18882,"59,900","71,880",按公告地價120%申報
中正區,福和段二小段,01800010,97.0,0098,,2535732,18882,"59,900","71,880",按公告地價120%申報
中正區,福和段二小段,01800004,1135.0,0035,,25357320,37764,"59,900","71,880",按公告地價120%申報
中正區,福和段二小段,02230000,5141.0,0049,,24,1,"59,900","71,880",按公告地價120%申報
中正區,福和段二小段,02420001,226.0,0051,,24,1,"59,900","71,880",按公告地價120%申報
中正區,福和段二小段,02420000,2780.0,0051,,24,1,"59,900","71,880",按公告地價120%申報
中正區,福和段二小段,01800000,10224.0,0063,,2535732,2360,"59,900","71,880",按公告地價120%申報
中正區,福和段二小段,01800007,2589.0,0063,,2535732,2360,"59,900","71,880",按公告地價120%申報
中正區,福和段二小段,01800009,19881.0,0063,,2535732,2360,"59,906","71,887",按公告地價120%申報
中正區,福和段二小段,01800008,1841.0,0063,,2535732,2360,"72,859","87,430",按公告地價120%申報
中正區,福和段二小段,01800003,1197.0,0063,,2535732,4720,"59,900","71,880",按公告地價120%申報
中正區,福和段二小段,01800006,194.0,0063,,2535732,2360,"59,900","71,880",按公告地價120%申報
中正區,福和段二小段,01800010,97.0,0063,,2535732,2360,"59,900","71,880",按公告地價120%申報
中正區,福和段二小段,01800005,8166.0,0063,,2535732,2360,"59,900","71,880",按公告地價120%申報
中正區,福和段二小段,01800000,10224.0,0064,,2535732,2360,"59,900","71,880",按公告地價120%申報
中正區,福和段二小段,01800009,19881.0,0064,,2535732,2360,"59,906","71,887",按公告地價120%申報
中正區,福和段二小段,01800008,1841.0,0064,,2535732,2360,"72,859","87,430",按公告地價120%申報
中正區,福和段二小段,01800004,1135.0,0063,,2535732,4720,"59,900","71,880",按公告地價120%申報
中正區,福和段二小段,01800007,2589.0,0064,,2535732,2360,"59,900","71,880",按公告地價120%申報
中正區,福和段二小段,01800006,194.0,0064,,2535732,2360,"59,900","71,880",按公告地價120%申報
中正區,福和段二小段,01800005,8166.0,0064,,2535732,2360,"59,900","71,880",按公告地價120%申報
中正區,福和段二小段,01800010,97.0,0064,,2535732,2360,"59,900","71,880",按公告地價120%申報
中正區,福和段二小段,02230000,5141.0,0050,,24,1,"59,900","71,880",按公告地價120%申報
中正區,福和段二小段,02420001,226.0,0052,,24,1,"59,900","71,880",按公告地價120%申報
中正區,福和段二小段,02420000,2780.0,0052,,24,1,"59,900","71,880",按公告地價120%申報
中正區,福和段二小段,02250000,1941.0,0017,,72,1,"59,900","71,880",按公告地價120%申報
中正區,福和段二小段,02250000,1941.0,0014,,180,5,"59,900","71,880",按公告地價120%申報
中正區,福和段二小段,02250000,1941.0,0015,,180,5,"59,900","71,880",按公告地價120%申報
中正區,福和段二小段,02230000,5141.0,0053,,63,1,"59,900","71,880",按公告地價120%申報
中正區,福和段二小段,02230000,5141.0,0035,,24,1,"59,900","71,880",按公告地價120%申報
中正區,福和段二小段,02420001,226.0,0038,,24,1,"59,900","71,880",按公告地價120%申報
中正區,福和段二小段,02420000,2780.0,0038,,24,1,"59,900","71,880",按公告地價120%申報
中正區,福和段二小段,02230000,5141.0,0051,,24,1,"59,900","71,880",按公告地價120%申報
中正區,福和段二小段,02420001,226.0,0053,,24,1,"59,900","71,880",按公告地價120%申報
中正區,福和段二小段,02420000,2780.0,0053,,24,1,"59,900","71,880",按公告地價120%申報
中正區,福和段二小段,01800000,10224.0,0069,,2535732,4152,"59,900","71,880",按公告地價120%申報
中正區,福和段二小段,01800007,2589.0,0069,,2535732,4152,"59,900","71,880",按公告地價120%申報
中正區,福和段二小段,01800004,1135.0,0068,,2535732,4152,"59,900","71,880",按公告地價120%申報
中正區,福和段二小段,01800009,19881.0,0069,,2535732,4152,"59,906","71,887",按公告地價120%申報
中正區,福和段二小段,01800008,1841.0,0069,,2535732,4152,"72,859","87,430",按公告地價120%申報
中正區,福和段二小段,01800003,1197.0,0069,,2535732,4152,"59,900","71,880",按公告地價120%申報
中正區,福和段二小段,01800006,194.0,0069,,2535732,4152,"59,900","71,880",按公告地價120%申報
中正區,福和段二小段,01800005,8166.0,0069,,2535732,4152,"59,900","71,880",按公告地價120%申報
中正區,福和段二小段,01800010,97.0,0069,,2535732,4152,"59,900","71,880",按公告地價120%申報
中正區,永昌段一小段,00780001,22.0,0005,A,1,1,"112,000","134,400",按公告地價120%申報
中正區,河堤段六小段,02210015,5.0,0013,,2,1,"75,400","90,480",按公告地價120%申報
中正區,河堤段六小段,02210014,5.0,0018,,2,1,"75,400","90,480",按公告地價120%申報
中正區,河堤段六小段,02210011,8.0,0016,,2,1,"75,400","90,480",按公告地價120%申報
中正區,河堤段六小段,02210012,9.0,0019,,2,1,"75,400","90,480",按公告地價120%申報
中正區,河堤段六小段,02210008,18.0,0014,,2,1,"75,400","90,480",按公告地價120%申報
中正區,河堤段六小段,02210003,53.0,0016,,2,1,"82,300","98,760",按公告地價120%申報
中正區,福和段二小段,02230000,5141.0,0055,,24,1,"59,900","71,880",按公告地價120%申報
中正區,福和段二小段,02420000,2780.0,0056,,24,1,"59,900","71,880",按公告地價120%申報
中正區,福和段二小段,02420001,226.0,0056,,24,1,"59,900","71,880",按公告地價120%申報
萬華區,華江段三小段,04230000,3020.0,0001,,3018,81,"66,275","66,275",按公告地價100%申報
萬華區,萬華段二小段,02000000,552.0,0001,A,1,1,"66,843","66,843",按公告地價100%申報
萬華區,萬華段二小段,02530000,625.0,0001,A,1,1,"59,027","59,027",按公告地價100%申報
萬華區,萬華段二小段,08870000,503.0,0001,A,1,1,"101,532","101,532",按公告地價100%申報
萬華區,漢中段一小段,06030000,256.0,0001,A,1,1,"82,800","82,800",按公告地價100%申報
萬華區,漢中段一小段,06030004,186.0,0001,A,1,1,"82,800","82,800",按公告地價100%申報
萬華區,漢中段一小段,06050001,0.35,0001,A,1,1,"82,800","82,800",按公告地價100%申報
萬華區,漢中段一小段,06460000,241.0,0001,A,1,1,"272,000","272,000",按公告地價100%申報
萬華區,漢中段一小段,06480000,28.0,0001,A,1,1,"272,000","272,000",按公告地價100%申報
萬華區,漢中段一小段,06550000,924.0,0001,A,1,1,"165,381","165,381",按公告地價100%申報
萬華區,漢中段一小段,06530001,11.0,0001,A,1,1,"272,000","272,000",按公告地價100%申報
萬華區,漢中段一小段,06530000,76.0,0001,A,1,1,"272,000","272,000",按公告地價100%申報
萬華區,漢中段一小段,06520001,3.0,0001,A,1,1,"272,000","272,000",按公告地價100%申報
萬華區,漢中段一小段,06520000,363.0,0001,A,1,1,"272,000","272,000",按公告地價100%申報
萬華區,漢中段一小段,06510003,73.0,0001,A,1,1,"82,800","82,800",按公告地價100%申報
萬華區,漢中段一小段,06510000,1503.0,0001,A,1,1,"82,800","82,800",按公告地價100%申報
萬華區,漢中段一小段,06500000,261.0,0001,A,1,1,"82,800","82,800",按公告地價100%申報
萬華區,漢中段一小段,06490000,139.0,0001,A,1,1,"272,000","272,000",按公告地價100%申報
萬華區,漢中段一小段,06590000,13.0,0001,A,1,1,"190,538","190,538",按公告地價100%申報
萬華區,漢中段一小段,06580000,17.0,0001,A,1,1,"163,993","163,993",按公告地價100%申報
萬華區,漢中段一小段,06570001,2.0,0001,A,1,1,"82,800","82,800",按公告地價100%申報
萬華區,漢中段一小段,06570000,67.0,0001,A,1,1,"163,993","163,993",按公告地價100%申報
萬華區,漢中段一小段,06560002,70.0,0001,A,1,1,"162,439","162,439",按公告地價100%申報
萬華區,漢中段一小段,06560001,5.0,0001,A,1,1,"167,000","167,000",按公告地價100%申報
萬華區,漢中段一小段,06560000,220.0,0001,A,1,1,"165,381","165,381",按公告地價100%申報
萬華區,漢中段一小段,06550002,290.0,0001,A,1,1,"162,439","162,439",按公告地價100%申報
萬華區,漢中段一小段,06550001,2.0,0001,A,1,1,"82,800","82,800",按公告地價100%申報
萬華區,漢中段一小段,06700000,27.0,0001,A,1,1,"252,425","252,425",按公告地價100%申報
萬華區,漢中段一小段,06690000,36.0,0001,A,1,1,"252,425","252,425",按公告地價100%申報
萬華區,漢中段一小段,06680000,13.0,0001,A,1,1,"368,150","368,150",按公告地價100%申報
萬華區,漢中段一小段,06670001,1.0,0001,A,1,1,"368,150","368,150",按公告地價100%申報
萬華區,漢中段一小段,06670000,35.0,0001,A,1,1,"368,150","368,150",按公告地價100%申報
萬華區,漢中段一小段,06660001,2.0,0001,A,1,1,"335,083","335,083",按公告地價100%申報
萬華區,漢中段一小段,06660000,15.0,0001,A,1,1,"335,083","335,083",按公告地價100%申報
萬華區,漢中段一小段,06650000,42.0,0001,A,1,1,"335,083","335,083",按公告地價100%申報
萬華區,漢中段一小段,06640000,38.0,0001,A,1,1,"319,433","319,433",按公告地價100%申報
萬華區,龍山段一小段,08590000,1089.0,0001,A,1,1,"51,819","51,819",按公告地價100%申報
萬華區,龍山段一小段,05700001,426.0,0001,A,1,1,"79,704","79,704",按公告地價100%申報
萬華區,龍山段一小段,05700000,779.0,0001,A,1,1,"76,092","76,092",按公告地價100%申報
萬華區,漢中段三小段,02170000,250.0,0001,A,1,1,"95,100","95,100",按公告地價100%申報
萬華區,漢中段三小段,02160001,4.0,0001,A,1,1,"95,100","95,100",按公告地價100%申報
萬華區,漢中段三小段,02160000,59.0,0001,A,1,1,"95,100","95,100",按公告地價100%申報
萬華區,漢中段三小段,02150000,10.0,0001,A,1,1,"63,983","63,983",按公告地價100%申報
萬華區,漢中段三小段,02140003,165.0,0001,A,1,1,"57,400","57,400",按公告地價100%申報
萬華區,漢中段三小段,02140002,305.0,0001,A,1,1,"63,983","63,983",按公告地價100%申報
萬華區,龍山段二小段,03420000,13.0,0001,A,1,1,"65,900","65,900",按公告地價100%申報
萬華區,龍山段二小段,03390000,109.0,0001,A,1,1,"84,400","84,400",按公告地價100%申報
萬華區,龍山段二小段,03380000,97.0,0001,A,1,1,"84,400","84,400",按公告地價100%申報
萬華區,龍山段二小段,03370000,973.0,0001,A,1,1,"81,736","81,736",按公告地價100%申報
萬華區,龍山段二小段,03360000,403.0,0001,A,1,1,"73,345","73,345",按公告地價100%申報
萬華區,龍山段二小段,03350001,613.0,0001,A,1,1,"67,883","67,883",按公告地價100%申報
萬華區,龍山段二小段,03350000,1132.0,0001,A,1,1,"102,506","102,506",按公告地價100%申報
萬華區,龍山段二小段,03290000,31.0,0001,A,1,1,"57,400","57,400",按公告地價100%申報
萬華區,龍山段二小段,01710000,1582.0,0001,A,1,1,"61,224","61,224",按公告地價100%申報
萬華區,福星段二小段,00480001,122.0,0001,,550,8,"102,987","102,987",按公告地價100%申報
萬華區,福星段一小段,01380000,779.0,0001,A,1,1,"74,834","74,834",按公告地價100%申報
萬華區,福星段一小段,00780000,16.0,0001,A,1,1,"87,700","87,700",按公告地價100%申報
萬華區,福星段一小段,00650000,338.0,0001,A,1,1,"87,016","87,016",按公告地價100%申報
萬華區,龍山段二小段,04180000,4.0,0002,A,1,1,"84,400","84,400",按公告地價100%申報
萬華區,龍山段二小段,04070000,442.0,0001,A,1,1,"46,469","46,469",按公告地價100%申報
萬華區,龍山段二小段,04060000,152.0,0001,A,1,1,"49,200","49,200",按公告地價100%申報
萬華區,龍山段二小段,04050000,178.0,0001,A,1,1,"49,200","49,200",按公告地價100%申報
萬華區,龍山段二小段,04040000,822.0,0001,A,1,1,"47,766","47,766",按公告地價100%申報
萬華區,福星段二小段,07760000,101.0,0001,A,1,1,"117,000","117,000",按公告地價100%申報
萬華區,福星段二小段,07750000,211.0,0001,A,1,1,"117,000","117,000",按公告地價100%申報
萬華區,福星段二小段,07740000,49.0,0001,A,1,1,"117,000","117,000",按公告地價100%申報
萬華區,福星段二小段,00930000,6.0,0001,A,1,1,"90,467","90,467",按公告地價100%申報
萬華區,福星段二小段,00910000,200.0,0001,A,1,1,"192,150","192,150",按公告地價100%申報
萬華區,福星段二小段,00900001,42.0,0001,A,1,1,"88,810","88,810",按公告地價100%申報
萬華區,福星段二小段,00900000,313.0,0001,A,1,1,"88,972","88,972",按公告地價100%申報
萬華區,福星段二小段,00890000,481.0,0001,A,1,1,"90,217","90,217",按公告地價100%申報
萬華區,福星段二小段,00880000,247.0,0001,A,1,1,"201,300","201,300",按公告地價100%申報
萬華區,福星段四小段,04100000,16.0,0001,A,1,1,"50,300","50,300",按公告地價100%申報
萬華區,福星段四小段,04000000,10.0,0001,A,1,1,"50,300","50,300",按公告地價100%申報
萬華區,福星段四小段,03990000,76.0,0001,A,1,1,"50,300","50,300",按公告地價100%申報
萬華區,福星段四小段,02360000,65.0,0001,A,1,1,"106,000","106,000",按公告地價100%申報
萬華區,福星段四小段,02350000,47.0,0001,A,1,1,"106,000","106,000",按公告地價100%申報
萬華區,福星段四小段,01890001,20.0,0001,A,1,1,"106,000","106,000",按公告地價100%申報
萬華區,福星段四小段,01890000,77.0,0001,A,1,1,"106,000","106,000",按公告地價100%申報
萬華區,福星段三小段,05700000,79.0,0001,A,1,1,"161,060","161,060",按公告地價100%申報
萬華區,福星段三小段,05690000,1101.0,0001,A,1,1,"161,060","161,060",按公告地價100%申報
萬華區,福星段三小段,05600000,1020.0,0001,A,1,1,"226,594","226,594",按公告地價100%申報
萬華區,福星段三小段,05590000,129.0,0001,A,1,1,"226,594","226,594",按公告地價100%申報
萬華區,福星段三小段,04100000,44.0,0001,A,1,1,"202,531","202,531",按公告地價100%申報
萬華區,福星段三小段,04090003,3.0,0001,A,1,1,"117,000","117,000",按公告地價100%申報
萬華區,福星段三小段,04090002,1.0,0001,A,1,1,"117,000","117,000",按公告地價100%申報
萬華區,福星段三小段,04090001,37.0,0001,A,1,1,"202,531","202,531",按公告地價100%申報
萬華區,福星段三小段,04090000,222.0,0001,A,1,1,"202,531","202,531",按公告地價100%申報
萬華區,福星段三小段,04010000,202.0,0002,,220,4,"163,653","163,653",按公告地價100%申報
萬華區,福星段二小段,07850000,111.0,0001,A,1,1,"106,198","106,198",按公告地價100%申報
萬華區,福星段二小段,00810002,225.0,0001,,251,101,"109,446","109,446",按公告地價100%申報
萬華區,福星段二小段,00810001,22.0,0001,,251,101,"96,473","96,473",按公告地價100%申報
萬華區,福星段二小段,00810000,3.0,0001,,251,101,"134,867","134,867",按公告地價100%申報
萬華區,福星段二小段,00640000,240.0,0001,A,1,1,"86,600","86,600",按公告地價100%申報
萬華區,福星段二小段,00630000,288.0,0001,A,1,1,"86,600","86,600",按公告地價100%申報
萬華區,福星段二小段,00580000,102.0,0001,A,1,1,"102,792","102,792",按公告地價100%申報
萬華區,福星段二小段,00480003,40.0,0001,,550,548,"152,850","152,850",按公告地價100%申報
萬華區,福星段二小段,00480002,257.0,0001,,550,8,"116,757","116,757",按公告地價100%申報
萬華區,龍山段二小段,04030001,55.0,0001,A,1,1,"44,424","44,424",按公告地價100%申報
萬華區,龍山段二小段,04030000,609.0,0001,A,1,1,"44,572","44,572",按公告地價100%申報
萬華區,龍山段二小段,04020002,191.0,0001,A,1,1,"42,100","42,100",按公告地價100%申報
萬華區,龍山段二小段,04020001,281.0,0001,A,1,1,"43,742","43,742",按公告地價100%申報
萬華區,龍山段二小段,04020000,57.0,0001,A,1,1,"42,100","42,100",按公告地價100%申報
萬華區,龍山段二小段,04010001,77.0,0001,A,1,1,"44,866","44,866",按公告地價100%申報
萬華區,龍山段二小段,04010000,608.0,0001,A,1,1,"44,552","44,552",按公告地價100%申報
萬華區,龍山段二小段,04000000,978.0,0001,A,1,1,"42,920","42,920",按公告地價100%申報
萬華區,龍山段二小段,01700000,222.0,0001,A,1,1,"165,600","165,600",按公告地價100%申報
萬華區,龍山段二小段,01690000,322.0,0001,A,1,1,"72,999","72,999",按公告地價100%申報
萬華區,龍山段二小段,01680000,167.0,0001,A,1,1,"172,800","172,800",按公告地價100%申報
萬華區,龍山段二小段,01660000,1883.0,0001,A,1,1,"63,303","63,303",按公告地價100%申報
萬華區,龍山段二小段,01470000,957.0,0001,A,1,1,"89,559","89,559",按公告地價100%申報
萬華區,龍山段二小段,01460000,69.0,0001,,72,48,"144,000","144,000",按公告地價100%申報
萬華區,龍山段一小段,08680000,153.0,0001,A,1,1,"51,900","51,900",按公告地價100%申報
萬華區,龍山段一小段,08600000,71.0,0001,A,1,1,"51,900","51,900",按公告地價100%申報
萬華區,漢中段三小段,02140001,321.0,0001,A,1,1,"57,400","57,400",按公告地價100%申報
萬華區,漢中段三小段,02140000,1063.0,0001,A,1,1,"58,289","58,289",按公告地價100%申報
萬華區,漢中段三小段,01870001,15.0,0001,A,1,1,"93,461","93,461",按公告地價100%申報
萬華區,漢中段三小段,01870000,349.0,0001,A,1,1,"93,254","93,254",按公告地價100%申報
萬華區,漢中段三小段,01860001,8.0,0001,A,1,1,"93,461","93,461",按公告地價100%申報
萬華區,漢中段三小段,01860000,72.0,0001,A,1,1,"93,254","93,254",按公告地價100%申報
萬華區,漢中段三小段,01850000,2.0,0006,,5,1,"93,254","93,254",按公告地價100%申報
萬華區,漢中段三小段,01840000,1.0,0006,,5,1,"93,254","93,254",按公告地價100%申報
萬華區,漢中段一小段,06630001,1.0,0001,A,1,1,"319,433","319,433",按公告地價100%申報
萬華區,漢中段一小段,06630000,13.0,0001,A,1,1,"319,433","319,433",按公告地價100%申報
萬華區,漢中段一小段,06620001,6.0,0001,A,1,1,"307,404","307,404",按公告地價100%申報
萬華區,漢中段一小段,06620000,9.0,0001,A,1,1,"307,404","307,404",按公告地價100%申報
萬華區,漢中段一小段,06610001,5.0,0001,A,1,1,"307,404","307,404",按公告地價100%申報
萬華區,漢中段一小段,06610000,37.0,0001,A,1,1,"307,404","307,404",按公告地價100%申報
萬華區,漢中段一小段,06600001,2.0,0001,A,1,1,"163,200","163,200",按公告地價100%申報
萬華區,漢中段一小段,06600000,58.0,0001,A,1,1,"190,538","190,538",按公告地價100%申報
萬華區,漢中段一小段,06470000,64.0,0001,A,1,1,"272,000","272,000",按公告地價100%申報
萬華區,漢中段一小段,06450000,354.0,0001,A,1,1,"82,800","82,800",按公告地價100%申報
萬華區,漢中段一小段,06050000,137.65,0001,A,1,1,"82,800","82,800",按公告地價100%申報
萬華區,漢中段一小段,06030003,72.0,0001,A,1,1,"82,800","82,800",按公告地價100%申報
萬華區,漢中段一小段,05430003,184.0,0001,A,1,1,"82,800","82,800",按公告地價100%申報
萬華區,漢中段一小段,05430002,14.0,0001,A,1,1,"82,800","82,800",按公告地價100%申報
萬華區,漢中段一小段,05430000,652.0,0002,A,1,1,"121,930","121,930",按公告地價100%申報
萬華區,福星段三小段,01090000,76.0,0006,,2349,210,"161,421","193,705",按公告地價120%申報
萬華區,莒光段二小段,02380000,63.0,0002,,2,1,"62,900","75,000",申報地價超過公告地價100%未滿120%
萬華區,福星段三小段,01090000,76.0,0002,,2349,210,"161,421","193,705",按公告地價120%申報
萬華區,福星段三小段,01090000,76.0,0004,,2349,210,"161,421","193,705",按公告地價120%申報
萬華區,福星段三小段,01090000,76.0,0008,,2349,210,"161,421","193,705",按公告地價120%申報
萬華區,莒光段二小段,02380000,63.0,0005,,8,1,"62,900","75,000",申報地價超過公告地價100%未滿120%
萬華區,莒光段二小段,02380000,63.0,0006,,8,1,"62,900","75,000",申報地價超過公告地價100%未滿120%
萬華區,莒光段二小段,02380000,63.0,0004,,8,1,"62,900","75,000",申報地價超過公告地價100%未滿120%
萬華區,莒光段二小段,02380000,63.0,0007,,8,1,"62,900","75,000",申報地價超過公告地價100%未滿120%
大同區,玉泉段一小段,02520000,184.0,0001,A,1,1,"76,800","76,800",按公告地價100%申報
大同區,玉泉段二小段,03490000,249.0,0001,A,1,1,"96,572","96,572",按公告地價100%申報
大同區,玉泉段二小段,03500000,19.0,0001,A,1,1,"96,572","96,572",按公告地價100%申報
大同區,大同段二小段,05670000,14.0,0002,,4,1,"55,500","55,500",按公告地價100%申報
大同區,大同段二小段,06590000,60.0,0008,,12,1,"53,800","53,800",按公告地價100%申報
大同區,大龍段二小段,02960000,19.0,0003,A,1,1,"44,500","53,400",按公告地價120%申報
大同區,玉泉段一小段,00600000,69.0,0015,,3,1,"157,000","188,400",按公告地價120%申報
大同區,玉泉段一小段,00630000,20.0,0015,,3,1,"157,000","188,400",按公告地價120%申報
大同區,大同段二小段,05670001,6.0,0004,,4,1,"55,500","55,500",按公告地價100%申報
大同區,大同段二小段,06590001,17.0,0010,,12,1,"53,800","53,800",按公告地價100%申報
大同區,大同段二小段,05670000,14.0,0003,,2,1,"55,500","55,500",按公告地價100%申報
大同區,大同段二小段,06590001,17.0,0009,,12,1,"53,800","53,800",按公告地價100%申報
文山區,景美段五小段,00300001,103.0,0001,,10000,3842,"115,596","138,715",按公告地價120%申報
文山區,景美段五小段,00300007,153.0,0001,,10000,6000,"116,029","139,234",按公告地價120%申報
文山區,景美段五小段,03970000,291.0,0001,A,1,1,"118,942","142,730",按公告地價120%申報
文山區,景美段五小段,03030000,25.0,0001,A,1,1,"120,000","144,000",按公告地價120%申報
文山區,景美段五小段,00300006,112.0,0001,,10000,6000,"119,043","142,851",按公告地價120%申報
文山區,景美段五小段,00300002,121.0,0001,,10000,3842,"115,418","138,501",按公告地價120%申報
文山區,景美段五小段,04130000,367.94,0001,A,1,1,"105,722","126,866",按公告地價120%申報
文山區,萬慶段二小段,02960000,255.0,0001,A,1,1,"55,500","55,500",按公告地價100%申報
文山區,萬慶段二小段,07730000,70.0,0001,A,1,1,"114,000","114,000",按公告地價100%申報
文山區,興泰段三小段,05610000,979.0,0009,A,1,1,"3,700","4,440",按公告地價120%申報
文山區,興泰段三小段,05620000,218.0,0009,A,1,1,"3,700","4,440",按公告地價120%申報
文山區,興泰段三小段,05630001,246.0,0009,A,1,1,"3,700","4,440",按公告地價120%申報
文山區,興泰段三小段,05630002,2151.0,0009,A,1,1,"3,720","4,464",按公告地價120%申報
文山區,興泰段三小段,05640001,1430.0,0009,A,1,1,"1,000","1,200",按公告地價120%申報
文山區,興泰段三小段,05640000,12414.0,0010,A,1,1,"1,000","1,200",按公告地價120%申報
文山區,興泰段三小段,05630006,167.0,0010,A,1,1,"2,319","2,782",申報地價超過公告地價100%未滿120%
文山區,興泰段三小段,05630004,268.0,0010,A,1,1,"2,319","2,782",申報地價超過公告地價100%未滿120%
文山區,興泰段三小段,05630005,37.0,0010,A,1,1,"2,319","2,782",申報地價超過公告地價100%未滿120%
松山區,民生段,00180002,160.0,0001,A,1,1,"56,300","56,300",按公告地價100%申報
松山區,民生段,00600005,1827.0,0249,,10000,108,"149,000","163,900",申報地價超過公告地價100%未滿120%
南港區,中南段一小段,02450002,127.0,0016,,15,2,"35,000","35,000",按公告地價100%申報
信義區,祟M段一小段,01860005,1216.0,0001,A,1,1,"7,100","7,100",按公告地價100%申報
信義區,雅祥段二小段,02500000,45.0,0003,A,1,1,"82,800","99,360",按公告地價120%申報
信義區,雅祥段二小段,02500000,45.0,0003,A,1,1,"82,800","99,360",按公告地價120%申報
信義區,虎林段四小段,04730000,87.0,0008,A,1,1,"76,150","91,380",按公告地價120%申報
中山區,北安段四小段,01470001,21258.0,0038,,18000,17,"2,100","2,520",按公告地價120%申報
中山區,北安段四小段,01470001,21258.0,0027,,1800,126,"2,100","2,520",按公告地價120%申報
中山區,北安段四小段,01470000,31069.0,0030,,12600,138,"2,100","2,520",按公告地價120%申報
中山區,北安段四小段,01470001,21258.0,0025,,12600,138,"2,100","2,520",按公告地價120%申報
中山區,北安段四小段,01470001,21258.0,0028,,12600,276,"2,100","2,520",按公告地價120%申報
中山區,北安段四小段,01470001,21258.0,0024,,12600,552,"2,100","2,520",按公告地價120%申報
中山區,北安段四小段,01470001,21258.0,0022,,3600,75,"2,100","2,520",按公告地價120%申報
中山區,北安段四小段,01470001,21258.0,0055,,1800,21,"2,100","2,520",按公告地價120%申報
中山區,北安段四小段,01470001,21258.0,0060,,1800,21,"2,100","2,520",按公告地價120%申報
中山區,北安段四小段,01470001,21258.0,0056,,1800,21,"2,100","2,520",按公告地價120%申報
中山區,北安段四小段,01470001,21258.0,0039,,18000,17,"2,100","2,520",按公告地價120%申報
中山區,北安段四小段,01470001,21258.0,0078,,18000,136,"2,100","2,520",按公告地價120%申報
中山區,北安段四小段,00180000,2371.0,0005,,5,1,"2,100","2,520",按公告地價120%申報
中山區,北安段四小段,00230000,549.0,0005,,5,1,"2,100","2,520",按公告地價120%申報
中山區,北安段四小段,00240000,339.0,0004,,5,1,"2,100","2,520",按公告地價120%申報
中山區,北安段四小段,00250000,35.0,0005,,5,1,"2,100","2,520",按公告地價120%申報
中山區,北安段四小段,01350000,2346.21,0005,,5,1,"2,100","2,520",按公告地價120%申報
中山區,北安段四小段,01370000,402.0,0005,,5,1,"2,100","2,520",按公告地價120%申報
中山區,北安段四小段,01420000,1157.0,0005,,5,1,"2,100","2,520",按公告地價120%申報
中山區,北安段四小段,01410000,1872.0,0005,,5,1,"2,100","2,520",按公告地價120%申報
中山區,北安段四小段,01400001,12502.0,0005,,5,1,"2,100","2,520",按公告地價120%申報
中山區,北安段四小段,01400000,1298.0,0005,,5,1,"2,100","2,520",按公告地價120%申報
中山區,北安段四小段,01390000,146.0,0004,,5,1,"2,100","2,520",按公告地價120%申報
中山區,北安段四小段,01380001,680.0,0004,,5,1,"2,100","2,520",按公告地價120%申報
中山區,北安段四小段,01380000,6193.0,0004,,5,1,"2,100","2,520",按公告地價120%申報
中山區,北安段四小段,01360000,281.21,0005,,5,1,"2,100","2,520",按公告地價120%申報
中山區,北安段四小段,01330000,3876.0,0005,,5,1,"2,100","2,520",按公告地價120%申報
中山區,北安段四小段,01350000,2346.21,0007,,5,1,"2,100","2,520",按公告地價120%申報
中山區,北安段四小段,01390000,146.0,0006,,10,1,"2,100","2,520",按公告地價120%申報
中山區,北安段四小段,01400001,12502.0,0006,,5,1,"2,100","2,520",按公告地價120%申報
中山區,北安段四小段,01370000,402.0,0006,,10,1,"2,100","2,520",按公告地價120%申報
中山區,北安段四小段,01360000,281.21,0006,,5,1,"2,100","2,520",按公告地價120%申報
中山區,北安段四小段,00180000,2371.0,0003,,5,1,"2,100","2,520",按公告地價120%申報
中山區,北安段四小段,00240000,339.0,0002,,5,1,"2,100","2,520",按公告地價120%申報
中山區,北安段四小段,01400000,1298.0,0003,,5,1,"2,100","2,520",按公告地價120%申報
中山區,北安段四小段,01390000,146.0,0002,,5,1,"2,100","2,520",按公告地價120%申報
中山區,北安段四小段,01380001,680.0,0002,,5,1,"2,100","2,520",按公告地價120%申報
中山區,北安段四小段,01380000,6193.0,0002,,5,1,"2,100","2,520",按公告地價120%申報
中山區,北安段四小段,01370000,402.0,0003,,5,1,"2,100","2,520",按公告地價120%申報
中山區,北安段四小段,01360000,281.21,0003,,5,1,"2,100","2,520",按公告地價120%申報
中山區,北安段四小段,01350000,2346.21,0003,,5,1,"2,100","2,520",按公告地價120%申報
中山區,北安段四小段,01330000,3876.0,0003,,5,1,"2,100","2,520",按公告地價120%申報
中山區,北安段四小段,00250000,35.0,0003,,5,1,"2,100","2,520",按公告地價120%申報
中山區,北安段四小段,01420000,1157.0,0003,,5,1,"2,100","2,520",按公告地價120%申報
中山區,北安段四小段,01410000,1872.0,0003,,5,1,"2,100","2,520",按公告地價120%申報
中山區,北安段四小段,01400001,12502.0,0003,,5,1,"2,100","2,520",按公告地價120%申報
中山區,北安段四小段,00230000,549.0,0003,,5,1,"2,100","2,520",按公告地價120%申報
中山區,北安段四小段,00180000,2371.0,0008,,10,1,"2,100","2,520",按公告地價120%申報
中山區,北安段四小段,01330000,3876.0,0007,,10,1,"2,100","2,520",按公告地價120%申報
中山區,北安段四小段,00250000,35.0,0007,,10,1,"2,100","2,520",按公告地價120%申報
中山區,北安段四小段,00230000,549.0,0007,,1000,188,"2,100","2,520",按公告地價120%申報
中山區,北安段四小段,01350000,2346.21,0006,,10,1,"2,100","2,520",按公告地價120%申報
中山區,北安段四小段,01370000,402.0,0008,,10,1,"2,100","2,520",按公告地價120%申報
中山區,北安段四小段,01380001,680.0,0006,,10,1,"2,100","2,520",按公告地價120%申報
中山區,北安段四小段,01420000,1157.0,0007,,10,1,"2,100","2,520",按公告地價120%申報
中山區,北安段四小段,01400001,12502.0,0007,,10,1,"2,100","2,520",按公告地價120%申報
中山區,北安段四小段,01400000,1298.0,0007,,10,1,"2,100","2,520",按公告地價120%申報
中山區,北安段四小段,01380000,6193.0,0006,,10,1,"2,100","2,520",按公告地價120%申報
中山區,北安段四小段,01360000,281.21,0007,,10,1,"2,100","2,520",按公告地價120%申報
中山區,北安段四小段,00160000,239.0,0004,,5,1,"2,100","2,520",按公告地價120%申報
中山區,北安段四小段,00190000,2191.0,0004,,5,1,"2,100","2,520",按公告地價120%申報
中山區,北安段四小段,00210003,3941.6,0007,A,1,1,"2,100","2,520",按公告地價120%申報
中山區,北安段四小段,00220003,1872.4,0007,A,1,1,"2,100","2,520",按公告地價120%申報
中山區,北安段四小段,01470001,21258.0,0020,,18000,408,"2,100","2,520",按公告地價120%申報
中山區,北安段四小段,01470001,21258.0,0034,,1800,306,"2,100","2,520",按公告地價120%申報
中山區,北安段四小段,00180000,2371.0,0007,,5,1,"2,100","2,520",按公告地價120%申報
中山區,北安段四小段,00230000,549.0,0006,,5,1,"2,100","2,520",按公告地價120%申報
中山區,北安段四小段,00240000,339.0,0006,,5,1,"2,100","2,520",按公告地價120%申報
中山區,北安段四小段,01380000,6193.0,0005,,5,1,"2,100","2,520",按公告地價120%申報
中山區,北安段四小段,01390000,146.0,0007,,10,1,"2,100","2,520",按公告地價120%申報
中山區,北安段四小段,01410000,1872.0,0006,,5,1,"2,100","2,520",按公告地價120%申報
中山區,北安段四小段,01420000,1157.0,0006,,5,1,"2,100","2,520",按公告地價120%申報
中山區,北安段四小段,01400000,1298.0,0006,,5,1,"2,100","2,520",按公告地價120%申報
中山區,北安段四小段,01380001,680.0,0005,,5,1,"2,100","2,520",按公告地價120%申報
中山區,北安段四小段,01370000,402.0,0007,,10,1,"2,100","2,520",按公告地價120%申報
中山區,北安段四小段,01330000,3876.0,0006,,5,1,"2,100","2,520",按公告地價120%申報
中山區,北安段四小段,00250000,35.0,0006,,5,1,"2,100","2,520",按公告地價120%申報
中山區,北安段四小段,01470001,21258.0,0061,,1800,45,"2,100","2,520",按公告地價120%申報
中山區,北安段四小段,01470001,21258.0,0040,,18000,17,"2,100","2,520",按公告地價120%申報
中山區,北安段四小段,00180000,2371.0,0004,,5,1,"2,100","2,520",按公告地價120%申報
中山區,北安段四小段,00230000,549.0,0004,,5,1,"2,100","2,520",按公告地價120%申報
中山區,北安段四小段,00250000,35.0,0004,,5,1,"2,100","2,520",按公告地價120%申報
中山區,北安段四小段,01360000,281.21,0004,,5,1,"2,100","2,520",按公告地價120%申報
中山區,北安段四小段,01350000,2346.21,0004,,5,1,"2,100","2,520",按公告地價120%申報
中山區,北安段四小段,01330000,3876.0,0004,,5,1,"2,100","2,520",按公告地價120%申報
中山區,北安段四小段,00240000,339.0,0003,,5,1,"2,100","2,520",按公告地價120%申報
中山區,北安段四小段,01370000,402.0,0004,,5,1,"2,100","2,520",按公告地價120%申報
中山區,北安段四小段,01420000,1157.0,0004,,5,1,"2,100","2,520",按公告地價120%申報
中山區,北安段四小段,01410000,1872.0,0004,,5,1,"2,100","2,520",按公告地價120%申報
中山區,北安段四小段,01400001,12502.0,0004,,5,1,"2,100","2,520",按公告地價120%申報
中山區,北安段四小段,01400000,1298.0,0004,,5,1,"2,100","2,520",按公告地價120%申報
中山區,北安段四小段,01390000,146.0,0003,,5,1,"2,100","2,520",按公告地價120%申報
中山區,北安段四小段,01380001,680.0,0003,,5,1,"2,100","2,520",按公告地價120%申報
中山區,北安段四小段,01380000,6193.0,0003,,5,1,"2,100","2,520",按公告地價120%申報
中山區,北安段四小段,00180000,2371.0,0006,,10,1,"2,100","2,520",按公告地價120%申報
中山區,北安段四小段,00240000,339.0,0005,,5,1,"2,100","2,520",按公告地價120%申報
中山區,北安段四小段,00250000,35.0,0008,,10,1,"2,100","2,520",按公告地價120%申報
中山區,北安段四小段,00230000,549.0,0010,,1000,12,"2,100","2,520",按公告地價120%申報
中山區,北安段四小段,01330000,3876.0,0008,,10,1,"2,100","2,520",按公告地價120%申報
中山區,北安段四小段,01360000,281.21,0008,,10,1,"2,100","2,520",按公告地價120%申報
中山區,北安段四小段,01380000,6193.0,0007,,10,1,"2,100","2,520",按公告地價120%申報
中山區,北安段四小段,01390000,146.0,0005,,5,1,"2,100","2,520",按公告地價120%申報
中山區,北安段四小段,01420000,1157.0,0008,,10,1,"2,100","2,520",按公告地價120%申報
中山區,北安段四小段,01410000,1872.0,0008,,10,1,"2,100","2,520",按公告地價120%申報
中山區,北安段四小段,01400001,12502.0,0008,,10,1,"2,100","2,520",按公告地價120%申報
中山區,北安段四小段,01400000,1298.0,0008,,10,1,"2,100","2,520",按公告地價120%申報
中山區,北安段四小段,01380001,680.0,0007,,10,1,"2,100","2,520",按公告地價120%申報
中山區,北安段四小段,01370000,402.0,0009,,10,1,"2,100","2,520",按公告地價120%申報
中山區,北安段四小段,01350000,2346.21,0008,,10,1,"2,100","2,520",按公告地價120%申報
中山區,北安段四小段,01470001,21258.0,0072,,1800,30,"2,100","2,520",按公告地價120%申報
中山區,北安段四小段,01470001,21258.0,0052,,12600,230,"2,100","2,520",按公告地價120%申報
中山區,北安段四小段,01470001,21258.0,0053,,12600,230,"2,100","2,520",按公告地價120%申報
中山區,北安段四小段,01470001,21258.0,0057,,1800,21,"2,100","2,520",按公告地價120%申報
中山區,北安段四小段,01470001,21258.0,0058,,1800,21,"2,100","2,520",按公告地價120%申報
中山區,北安段四小段,01470001,21258.0,0059,,1800,21,"2,100","2,520",按公告地價120%申報
中山區,北安段四小段,01470001,21258.0,0063,,1800,54,"2,100","2,520",按公告地價120%申報
中山區,北安段四小段,01470001,21258.0,0041,,18000,17,"2,100","2,520",按公告地價120%申報
中山區,北安段四小段,01470001,21258.0,0077,,18000,102,"2,100","2,520",按公告地價120%申報
中山區,北安段四小段,01470001,21258.0,0075,,18000,102,"2,100","2,520",按公告地價120%申報
中山區,北安段四小段,01470001,21258.0,0064,,2000,60,"2,100","2,520",按公告地價120%申報
中山區,北安段四小段,01470000,31069.0,0036,,12600,276,"2,100","2,520",按公告地價120%申報
中山區,北安段四小段,01470001,21258.0,0031,,12600,276,"2,100","2,520",按公告地價120%申報
中山區,北安段四小段,01470001,21258.0,0076,,18000,102,"2,100","2,520",按公告地價120%申報
中山區,正義段四小段,01540000,124.0,0101,,144,3,"102,000","122,400",按公告地價120%申報
中山區,正義段四小段,01700000,12.0,0101,,144,3,"102,000","122,400",按公告地價120%申報
中山區,正義段四小段,01730000,209.0,0088,,144,3,"102,000","122,400",按公告地價120%申報
中山區,正義段四小段,01650000,5.0,0089,,144,3,"102,000","122,400",按公告地價120%申報
中山區,北安段四小段,01470001,21258.0,0030,,12600,828,"2,100","2,520",按公告地價120%申報
中山區,北安段四小段,01470001,21258.0,0054,,12600,230,"2,100","2,520",按公告地價120%申報
中山區,長安段四小段,02620001,389.0,0005,A,1,1,"93,098","111,717",按公告地價120%申報
內湖區,大湖段四小段,04040001,3044.32,0008,A,1,1,"1,100","1,320",按公告地價120%申報
內湖區,大湖段四小段,04230000,22199.0,0004,,10000,1905,"1,100","1,320",按公告地價120%申報
內湖區,潭美段四小段,01980000,56.0,0001,A,1,1,"53,300","42,640",低於或按公告地價80%申報
內湖區,潭美段四小段,01990000,35.0,0001,A,1,1,"53,300","63,960",按公告地價120%申報
內湖區,潭美段四小段,02580000,74.0,0001,A,1,1,"51,386","51,386",按公告地價100%申報
內湖區,潭美段四小段,02590000,81.0,0001,A,1,1,"50,823","50,823",按公告地價100%申報
內湖區,潭美段四小段,04220000,867.0,0013,,200000,52238,"42,255","50,706",按公告地價120%申報
內湖區,潭美段四小段,01850000,149.0,0002,A,1,1,"41,500","49,800",按公告地價120%申報
內湖區,潭美段四小段,01850001,4.0,0002,A,1,1,"41,500","49,800",按公告地價120%申報
內湖區,潭美段四小段,02570000,97.0,0002,A,1,1,"53,300","47,970",申報地價超過公告地價80%未滿100%
內湖區,康寧段三小段,02880001,381.0,0010,,2997000,206981,"61,315","73,578",按公告地價120%申報
內湖區,康寧段三小段,02880002,8.0,0010,,2997000,206981,"61,315","73,578",按公告地價120%申報
內湖區,康寧段三小段,02880003,2262.0,0010,,2997000,206981,"13,665","16,398",按公告地價120%申報
內湖區,康寧段三小段,02880005,70.0,0010,,2997000,206981,"61,315","73,578",按公告地價120%申報
內湖區,康寧段三小段,03500000,1061.0,0036,,120,6,"13,665","16,398",按公告地價120%申報
內湖區,康寧段三小段,03500001,46.0,0036,,120,6,"13,665","16,398",按公告地價120%申報
內湖區,康寧段三小段,03540000,295.0,0030,,120,6,"13,665","16,398",按公告地價120%申報
內湖區,康寧段三小段,03540001,53.0,0033,,120,6,"13,665","16,398",按公告地價120%申報
內湖區,碧湖段二小段,08860001,1.0,0025,,30,7,"108,000","129,600",按公告地價120%申報
內湖區,碧湖段二小段,08860004,23.0,0025,,30,7,"108,000","129,600",按公告地價120%申報
大安區,復興段一小段,00600002,42.0,0010,A,1,1,"120,000","144,000",按公告地價120%申報
大安區,復興段一小段,00600003,53.0,0010,A,1,1,"120,000","144,000",按公告地價120%申報
大安區,復興段一小段,00600004,51.0,0010,A,1,1,"120,980","145,176",按公告地價120%申報
大安區,大安段一小段,05880000,98.0,0007,,9,1,"106,000","127,200",按公告地價120%申報
大安區,復興段一小段,00600001,73.0,0009,A,1,1,"120,000","144,000",按公告地價120%申報
大安區,復興段二小段,01790000,1101.0,0037,,100000,5802,"203,293","243,951",按公告地價120%申報
士林區,百齡段一小段,03190000,43.0,0005,A,1,1,"59,051","70,861",按公告地價120%申報
士林區,百齡段一小段,03200002,50.23,0005,,10000,7434,"57,400","68,880",按公告地價120%申報
士林區,百齡段一小段,03200003,120.89,0005,,10000,7434,"57,400","68,880",按公告地價120%申報
士林區,百齡段一小段,03200010,16.84,0005,,10000,7434,"57,400","68,880",按公告地價120%申報
士林區,百齡段一小段,03200011,30.37,0005,,10000,7434,"57,400","68,880",按公告地價120%申報
士林區,天母段二小段,01410000,174.0,0011,,4,1,"94,862","113,834",按公告地價120%申報
士林區,天母段二小段,01420000,168.0,0011,,4,1,"92,400","110,880",按公告地價120%申報
士林區,陽明段三小段,08410002,1.0,0002,A,1,1,"93,700","112,440",按公告地價120%申報
士林區,陽明段三小段,08420001,57.4,0002,A,1,1,"93,700","112,440",按公告地價120%申報
士林區,百齡段一小段,03200002,50.23,0004,,10000,2566,"57,400","68,880",按公告地價120%申報
士林區,百齡段一小段,03200010,16.84,0004,,10000,2566,"57,400","68,880",按公告地價120%申報
士林區,百齡段一小段,03200011,30.37,0004,,10000,2566,"57,400","68,880",按公告地價120%申報
士林區,百齡段一小段,03200003,120.89,0004,,10000,2566,"57,400","68,880",按公告地價120%申報
士林區,光華段四小段,02800000,247.36,0012,A,1,1,"124,041","148,849",按公告地價120%申報
士林區,光華段四小段,02800008,25.33,0011,A,1,1,"135,976","163,171",按公告地價120%申報
士林區,光華段四小段,02800001,38.31,0011,A,1,1,"119,000","142,800",按公告地價120%申報
士林區,翠山段一小段,00880000,9584.0,0056,,128,1,660,792,按公告地價120%申報
士林區,翠山段一小段,00900000,477.0,0055,,128,1,660,792,按公告地價120%申報
士林區,翠山段一小段,01810000,652.0,0056,,128,1,660,792,按公告地價120%申報
士林區,菁山段一小段,02980000,3805.93,0037,,32,1,"2,900","3,480",按公告地價120%申報
士林區,菁山段一小段,03010000,407.97,0037,,32,1,"2,900","3,480",按公告地價120%申報
士林區,菁山段二小段,02740000,245.4,0041,,42,1,630,756,按公告地價120%申報
士林區,菁山段二小段,02730000,765.68,0041,,42,1,630,756,按公告地價120%申報
士林區,菁山段一小段,03640000,7821.39,0044,,32,1,630,756,按公告地價120%申報
士林區,菁山段一小段,03000000,4568.76,0037,,32,1,"2,900","3,480",按公告地價120%申報
士林區,菁山段一小段,02950000,4936.12,0037,,32,1,"2,900","3,480",按公告地價120%申報
士林區,翠山段一小段,01750000,497.0,0056,,128,1,660,792,按公告地價120%申報
士林區,菁山段一小段,03320000,616.47,0037,,64,1,"2,900","3,480",按公告地價120%申報
士林區,菁山段一小段,02770000,1056.4,0038,,64,1,"2,900","3,480",按公告地價120%申報
士林區,菁山段一小段,02810000,1176.49,0034,,64,1,"2,900","3,480",按公告地價120%申報
士林區,菁山段一小段,02820000,301.41,0038,,64,1,"2,900","3,480",按公告地價120%申報
士林區,菁山段一小段,02900000,6126.57,0038,,64,1,"2,900","3,480",按公告地價120%申報
士林區,菁山段一小段,02990000,3865.27,0033,,64,1,"2,900","3,480",按公告地價120%申報
士林區,菁山段一小段,03060000,2089.2,0037,,64,1,"2,900","3,480",按公告地價120%申報
士林區,菁山段一小段,03140000,735.41,0036,,64,1,"2,900","3,480",按公告地價120%申報
士林區,菁山段二小段,01870000,1436.09,0037,,64,1,"2,900","3,480",按公告地價120%申報
士林區,溪山段二小段,04130000,655.88,0056,,256,1,"2,900","3,480",按公告地價120%申報
士林區,溪山段二小段,04750000,20279.97,0037,,64,1,660,792,按公告地價120%申報
士林區,菁山段一小段,02770000,1056.4,0037,,64,1,"2,900","3,480",按公告地價120%申報
士林區,菁山段一小段,02810000,1176.49,0033,,64,1,"2,900","3,480",按公告地價120%申報
士林區,菁山段一小段,02820000,301.41,0037,,64,1,"2,900","3,480",按公告地價120%申報
士林區,菁山段一小段,02900000,6126.57,0037,,64,1,"2,900","3,480",按公告地價120%申報
士林區,菁山段一小段,02990000,3865.27,0032,,64,1,"2,900","3,480",按公告地價120%申報
士林區,菁山段一小段,03060000,2089.2,0036,,64,1,"2,900","3,480",按公告地價120%申報
士林區,菁山段一小段,03140000,735.41,0035,,64,1,"2,900","3,480",按公告地價120%申報
士林區,菁山段一小段,03320000,616.47,0036,,64,1,"2,900","3,480",按公告地價120%申報
士林區,菁山段二小段,01870000,1436.09,0036,,64,1,"2,900","3,480",按公告地價120%申報
士林區,溪山段二小段,04130000,655.88,0055,,256,1,"2,900","3,480",按公告地價120%申報
士林區,溪山段二小段,04750000,20279.97,0036,,64,1,660,792,按公告地價120%申報
北投區,關渡段一小段,05690001,1816.0,0005,,100,95,"2,700","3,240",按公告地價120%申報
北投區,關渡段一小段,05370000,11634.0,0003,,4,1,"2,700","3,240",按公告地價120%申報
北投區,關渡段一小段,05380000,5573.0,0003,,22292,517,"2,700","3,240",按公告地價120%申報
北投區,關渡段一小段,05370000,11634.0,0006,,4,1,"2,700","3,240",按公告地價120%申報
北投區,關渡段一小段,05380000,5573.0,0006,,22292,517,"2,700","3,240",按公告地價120%申報
北投區,關渡段一小段,05400000,584.0,0004,,6,1,"2,700","3,240",按公告地價120%申報
北投區,關渡段一小段,05470000,850.0,0004,,6,1,"2,700","3,240",按公告地價120%申報
北投區,關渡段一小段,05570000,596.0,0004,,6,1,"2,700","3,240",按公告地價120%申報
北投區,關渡段一小段,05450000,11018.0,0004,,6,1,"2,700","3,240",按公告地價120%申報
北投區,八仙段二小段,06320000,1560.0,0003,,2,1,"6,278","7,533",按公告地價120%申報
北投區,八仙段二小段,06320000,1560.0,0002,,2,1,"6,278","7,533",按公告地價120%申報
北投區,關渡段一小段,05530000,6527.0,0004,,2398,100,"2,700","3,240",按公告地價120%申報
北投區,關渡段一小段,05700000,729.0,0004,,2398,100,"2,700","3,240",按公告地價120%申報
北投區,關渡段一小段,05700001,668.0,0004,,2398,100,"2,700","3,240",按公告地價120%申報
北投區,關渡段一小段,05540000,562.0,0003,A,1,1,"2,700","3,240",按公告地價120%申報
北投區,關渡段一小段,05600000,985.0,0001,A,1,1,"2,700","3,240",按公告地價120%申報
北投區,關渡段一小段,05620000,599.0,0002,A,1,1,"2,700","3,240",按公告地價120%申報
北投區,關渡段一小段,05630000,985.0,0002,A,1,1,"2,700","3,240",按公告地價120%申報
北投區,關渡段一小段,05670000,968.0,0002,A,1,1,"2,700","3,240",按公告地價120%申報
北投區,關渡段一小段,05650000,985.0,0002,A,1,1,"2,700","3,240",按公告地價120%申報
北投區,關渡段一小段,05370000,11634.0,0004,,4,1,"2,700","3,240",按公告地價120%申報
北投區,關渡段一小段,05380000,5573.0,0004,,22292,5171,"2,700","3,240",按公告地價120%申報
北投區,關渡段一小段,05370000,11634.0,0005,,4,1,"2,700","3,240",按公告地價120%申報
北投區,關渡段一小段,05380000,5573.0,0005,,22292,517,"2,700","3,240",按公告地價120%申報
北投區,立農段五小段,04350001,43.0,0004,,3,1,"56,800","68,160",按公告地價120%申報
北投區,大業段三小段,03150000,419.0,0007,,10000,5000,"43,200","51,840",按公告地價120%申報
北投區,大業段三小段,03420000,279.0,0006,A,1,1,"43,200","51,840",按公告地價120%申報
北投區,大業段三小段,03400000,2.0,0006,A,1,1,"43,200","51,840",按公告地價120%申報
北投區,大業段三小段,03420000,279.0,0006,A,1,1,"43,200","51,840",按公告地價120%申報
北投區,大業段三小段,03150000,419.0,0007,,10000,5000,"43,200","51,840",按公告地價120%申報
北投區,大業段三小段,03400000,2.0,0006,A,1,1,"43,200","51,840",按公告地價120%申報
北投區,關渡段一小段,05550000,574.0,0001,A,1,1,"2,700","3,240",按公告地價120%申報
北投區,關渡段一小段,05610000,666.0,0002,A,1,1,"2,700","3,240",按公告地價120%申報
北投區,關渡段一小段,05660000,980.0,0002,A,1,1,"2,700","3,240",按公告地價120%申報
北投區,關渡段一小段,05640000,966.0,0002,A,1,1,"2,700","3,240",按公告地價120%申報
北投區,關渡段一小段,05530000,6527.0,0031,,2398000,32330,"2,700","3,240",按公告地價120%申報
北投區,關渡段一小段,05700000,729.0,0024,,2398,798,"2,700","3,240",按公告地價120%申報
北投區,關渡段一小段,05420001,7144.0,0009,,5000,1160,"2,700","3,240",按公告地價120%申報
北投區,關渡段一小段,05420001,7144.0,0010,,5000,879,"2,700","3,240",按公告地價120%申報
北投區,關渡段一小段,05420001,7144.0,0011,,5000,879,"2,700","3,240",按公告地價120%申報
北投區,關渡段一小段,05420001,7144.0,0012,,5000,694,"2,700","3,240",按公告地價120%申報
北投區,關渡段一小段,05420001,7144.0,0013,,5000,694,"2,700","3,240",按公告地價120%申報
北投區,關渡段一小段,05420001,7144.0,0014,,5000,694,"2,700","3,240",按公告地價120%申報
北投區,大業段三小段,03410000,143.0,0008,A,1,1,"43,200","51,840",按公告地價120%申報
北投區,大屯段四小段,01730000,3254.19,0002,,12,3,680,816,按公告地價120%申報
北投區,溫泉段四小段,03330000,711.0,0035,,3840,238,"45,902","55,082",按公告地價120%申報
北投區,溫泉段四小段,03320000,7.0,0035,,3840,238,"46,329","55,594",按公告地價120%申報
北投區,關渡段一小段,05530000,6527.0,0036,,2398000,121449,"2,700","3,240",按公告地價120%申報
北投區,關渡段一小段,05510000,809.0,0002,A,1,1,"2,700","3,240",按公告地價120%申報
北投區,關渡段一小段,05380000,5573.0,0007,,22292,15570,"2,700","3,240",按公告地價120%申報
北投區,關渡段一小段,05430000,2899.0,0007,A,1,1,"2,700","3,240",按公告地價120%申報
北投區,關渡段一小段,05490000,4196.0,0007,A,1,1,"2,700","3,240",按公告地價120%申報
北投區,關渡段一小段,05530000,6527.0,0028,,2398000,315489,"2,700","3,240",按公告地價120%申報
北投區,關渡段一小段,05680001,2327.0,0009,A,1,1,"2,700","3,240",按公告地價120%申報
北投區,關渡段一小段,05700000,729.0,0029,,2398,200,"2,700","3,240",按公告地價120%申報
北投區,關渡段一小段,05700001,668.0,0027,,2398,1198,"2,700","3,240",按公告地價120%申報
北投區,關渡段一小段,05530000,6527.0,0030,,2398000,364366,"2,700","3,240",按公告地價120%申報
北投區,關渡段一小段,05530000,6527.0,0029,,2398000,364366,"2,700","3,240",按公告地價120%申報
北投區,關渡段一小段,05390000,97.0,0036,,1800,68,"2,700","3,240",按公告地價120%申報
北投區,關渡段一小段,05440000,154.0,0036,,1800,68,"2,700","3,240",按公告地價120%申報
北投區,關渡段一小段,05400000,584.0,0002,,6,1,"2,700","3,240",按公告地價120%申報
北投區,關渡段一小段,05450000,11018.0,0002,,6,1,"2,700","3,240",按公告地價120%申報
北投區,關渡段一小段,05570000,596.0,0002,,6,1,"2,700","3,240",按公告地價120%申報
北投區,關渡段一小段,05470000,850.0,0002,,6,1,"2,700","3,240",按公告地價120%申報
北投區,關渡段一小段,05390000,97.0,0037,,1800,68,"2,700","3,240",按公告地價120%申報
北投區,關渡段一小段,05440000,154.0,0037,,1800,68,"2,700","3,240",按公告地價120%申報
北投區,關渡段一小段,05450000,11018.0,0003,,6,1,"2,700","3,240",按公告地價120%申報
北投區,關渡段一小段,05570000,596.0,0003,,6,1,"2,700","3,240",按公告地價120%申報
北投區,關渡段一小段,05470000,850.0,0003,,6,1,"2,700","3,240",按公告地價120%申報
北投區,關渡段一小段,05400000,584.0,0003,,6,1,"2,700","3,240",按公告地價120%申報
北投區,關渡段一小段,05480000,793.0,0002,A,1,1,"2,700","3,240",按公告地價120%申報
北投區,關渡段一小段,05390000,97.0,0044,,1800,68,"2,700","3,240",按公告地價120%申報
北投區,關渡段一小段,05570000,596.0,0005,,3,1,"2,700","3,240",按公告地價120%申報
北投區,關渡段一小段,05440000,154.0,0044,,1800,68,"2,700","3,240",按公告地價120%申報
北投區,關渡段一小段,05450000,11018.0,0005,,3,1,"2,700","3,240",按公告地價120%申報
北投區,關渡段一小段,05400000,584.0,0005,,3,1,"2,700","3,240",按公告地價120%申報
北投區,關渡段一小段,05470000,850.0,0005,,3,1,"2,700","3,240",按公告地價120%申報
北投區,關渡段一小段,05420000,7144.0,0011,,4,1,"2,700","3,240",按公告地價120%申報
北投區,關渡段一小段,05400000,584.0,0006,,6,1,"2,700","3,240",按公告地價120%申報
北投區,關渡段一小段,05450000,11018.0,0006,,6,1,"2,700","3,240",按公告地價120%申報
北投區,關渡段一小段,05470000,850.0,0006,,6,1,"2,700","3,240",按公告地價120%申報
北投區,關渡段一小段,05570000,596.0,0006,,6,1,"2,700","3,240",按公告地價120%申報
北投區,關渡段一小段,05420000,7144.0,0012,,2,1,"2,700","3,240",按公告地價120%申報
北投區,關渡段一小段,05420000,7144.0,0014,,4,1,"2,700","3,240",按公告地價120%申報
